Entreprise;Secteur;Ville;Code Postal;Departement;Effectif;Site Web;Email;Email;EmailSource;Confiance;Note;MX
PROTEC-ELEC;Électricité;PARIS;75008;75;10-19 sal.;http://www.protec-elec.fr/;contact@protec-elec.fr;contact@protec-elec.fr;scrape;haute;;ok
SEBASTELEC;Électricité;PARIS;75009;75;10-19 sal.;http://sebastelec.com/;contact@sebastelec.com;contact@sebastelec.com;scrape;haute;;ok
B & D CONCEPT;Électricité;SAINT-MAURICE;94410;75;10-19 sal.;https://www.bd-concept.fr/;contact@bd-concept.fr;contact@bd-concept.fr;scrape;haute;;ok
M2E TERRITOIRES - M2ET;Électricité;PARIS;75001;75;20-49 sal.;https://m2esa.fr/;m2e@m2esa.fr;m2e@m2esa.fr;scrape;haute;;ok
SOMSOU-PONS;Plomberie;PARIS;75016;75;20-49 sal.;http://www.somsoupons.fr/;direction@somsoupons.fr;direction@somsoupons.fr;scrape;haute;;ok
S N E A;Plomberie;VALENTON;94460;75;20-49 sal.;https://ortec-group.com/agences/snea/?utm_source=gmb;contact@snea.fr;contact@snea.fr;scrape;haute;;ok
HOUDRY GRENOT;Plomberie;PARIS;75017;75;20-49 sal.;http://www.houdry-grenot.com/;hg@houdry-grenot.com;hg@houdry-grenot.com;scrape;haute;;ok
SADAKA;Plomberie;VANVES;92170;75;20-49 sal.;http://entsadaka.fr/;operations@entsadaka.fr;operations@entsadaka.fr;scrape;haute;;ok
LME;CVC/Thermique;CHARENTON-LE-PONT;94220;75;10-19 sal.;https://lamaisonecolo.fr/;contact@lamaisonecolo.fr;contact@lamaisonecolo.fr;scrape;haute;;ok
ALLIANCE GAZ;CVC/Thermique;PARIS;75013;75;10-19 sal.;https://www.alliancegaz.paris/?utm_source=google&utm_medium=organic&utm_campaign=gbp&utm_content=profile_alliancegaz;contact@alliancegaz.fr;contact@alliancegaz.fr;scrape;haute;;ok
RAVELLI CLIMAT-SERVICE;CVC/Thermique;PARIS 11;75011;75;10-19 sal.;http://thermoclimatisation.fr/;contact@thermoclimatisation.fr;contact@thermoclimatisation.fr;scrape;haute;;ok
GESCLIN;CVC/Thermique;CLICHY;92110;75;20-49 sal.;http://www.gesclim.com/;contact@gesclim.com;contact@gesclim.com;scrape;haute;;ok
SAUVAGET SAS;CVC/Thermique;PARIS;75015;75;20-49 sal.;http://www.sauvaget.com/;bonjour@sauvaget.com;bonjour@sauvaget.com;scrape;haute;;ok
C3A AGENCEMENT;Menuiserie bois;CHANTELOUP-LES-VIGNES;78570;75;10-19 sal.;http://www.c3a-agencement.com/;m.dejesus@c3a-agencement.com;m.dejesus@c3a-agencement.com;scrape;haute;;ok
ISO STORE;Menuiserie bois;LE CHESNAY-ROCQUENCOURT;78150;75;20-49 sal.;https://isostore.fr/magasin/le-chesnay/;contact@isostore.fr;contact@isostore.fr;scrape;haute;;ok
AGENCE EUROPEENNE DE FENETRES;Menuiserie bois;PARIS;75014;75;20-49 sal.;https://www.aef-fenetres.com/?utm_source=GMB-14&utm_medium=web_site_button&utm_id=google;contact@aef-fenetres.com;contact@aef-fenetres.com;scrape;haute;;ok
HOME GARDE PROTECTION;Menuiserie métallique;PARIS;75005;75;10-19 sal.;https://www.home-garde-protection.fr/?utm_source=Google&utm_medium=SeoLocal&utm_campaign=GMB75;contact@home-garde-protection.fr;contact@home-garde-protection.fr;scrape;haute;;ok
AUSTRAL SOLAR FRANCE;Électricité;PARIS;75008;75;10-19 sal.;https://australsolar.fr/;pierre.grondin@austral-energie.com;pierre.grondin@austral-energie.com;scrape;moyenne;;ok
CONNECTING TECHNOLOGY;Électricité;PARIS;75008;75;10-19 sal.;https://www.connecting-technology.com/;contact@connecting-technology.com;contact@connecting-technology.com;devine;moyenne;;ok
INST MAINT EQUIP ELECT SPECIALISE;Électricité;BAGNEUX;92220;75;10-19 sal.;https://imeestelecom.fr/;contact@imeestelecom.fr;contact@imeestelecom.fr;devine;moyenne;;ok
DIGISECUR;Électricité;PARIS;75012;75;10-19 sal.;http://www.digisecur.fr/;contact@digisecur.fr;contact@digisecur.fr;devine;moyenne;;ok
CITYELEC;Électricité;PARIS;75018;75;10-19 sal.;;cityelec75@gmail.com;cityelec75@gmail.com;annuaire;moyenne;;ok
MOKRANE FRANCE ELECTRICITE;Électricité;PARIS;75011;75;10-19 sal.;http://www.mkn-electricite.com/?utm_medium=referral&utm_source=gmb&utm_campaign=lnk-gmb;contact@mkn-electricite.com;contact@mkn-electricite.com;devine;moyenne;;ok
SARL MEDIA ALARME;Électricité;PARIS;75013;75;20-49 sal.;;contact@media-alarme.com;contact@media-alarme.com;devine;moyenne;site media-alarme.com;ok
GROUPE BATISO;Électricité;PARIS;75008;75;20-49 sal.;;contact@groupe-batiso.com;contact@groupe-batiso.com;scrape;moyenne;;ok
YCARS;Électricité;PARIS;75001;75;20-49 sal.;;contact@ycars.fr;contact@ycars.fr;devine;moyenne;site ycars.fr;ok
F.C. LEC;Électricité;PARIS;75015;75;20-49 sal.;;contact@fclec.fr;contact@fclec.fr;devine;moyenne;site fclec.fr;ok
AD ENTREPRISES;Plomberie;PARIS;75020;75;10-19 sal.;;contact@ad-entreprises.com;contact@ad-entreprises.com;devine;moyenne;site ad-entreprises.com;ok
SERVICONFOR;Plomberie;PARIS;75005;75;10-19 sal.;;contact@serviconfor.fr;contact@serviconfor.fr;devine;moyenne;site serviconfor.fr;ok
SOPEX-CEMT;Plomberie;PARIS;75011;75;10-19 sal.;;caroline.robert@cemt.fr;caroline.robert@cemt.fr;scrape;moyenne;;ok
CVC EVOLUTION;Plomberie;PARIS;75017;75;10-19 sal.;https://cvc-evolution.fr/;contact@cvc-evolution.fr;contact@cvc-evolution.fr;devine;moyenne;;ok
VBC;Plomberie;PARIS;75017;75;10-19 sal.;;contact@vbc-paris.fr;contact@vbc-paris.fr;devine;moyenne;site vbc-paris.fr;ok
ECO ISOLATION EXPERT;Plomberie;PARIS;75008;75;10-19 sal.;http://www.eco-patrimoine.fr/;contact@eco-patrimoine.fr;contact@eco-patrimoine.fr;devine;moyenne;;ok
VIZEO DESIGN;Plomberie;PARIS;75012;75;10-19 sal.;;vizeo.design@gmail.com;vizeo.design@gmail.com;scrape;moyenne;;ok
BLANCHE;Plomberie;PARIS;75015;75;10-19 sal.;;sanchez@blanche-sa.fr;sanchez@blanche-sa.fr;scrape;moyenne;;ok
ENTREPRISE BERNARD LEMAITRE;Plomberie;PARIS;75014;75;10-19 sal.;;ebl75@hotmail.com;ebl75@hotmail.com;scrape;moyenne;;ok
ENTREPRISE O ESTRADE;Plomberie;PARIS;75015;75;20-49 sal.;https://www.if-renovation.fr/;contact@if-renovation.fr;contact@if-renovation.fr;devine;moyenne;;ok
SARL SOPODEX;CVC/Thermique;PARIS;75020;75;10-19 sal.;;contact@sopodex.fr;contact@sopodex.fr;scrape;moyenne;;ok
AU RAPIDE DEPANNAGE;CVC/Thermique;MAISONS-ALFORT;94700;75;20-49 sal.;;contact@r-verrier.fr;contact@r-verrier.fr;scrape;moyenne;;ok
AVENENCE;CVC/Thermique;CLAMART;92140;75;20-49 sal.;;contact@avenence-france.fr;contact@avenence-france.fr;devine;moyenne;site avenence-france.fr;ok
TECHGAINE;CVC/Thermique;PARIS;75009;75;20-49 sal.;http://www.groupetechnicable.fr/;contact@groupetechnicable.fr;contact@groupetechnicable.fr;devine;moyenne;;ok
LEADER ENVIRONNEMENT;CVC/Thermique;PARIS;75002;75;20-49 sal.;https://leaderenvironnement.fr/;contact@leaderenvironnement.fr;contact@leaderenvironnement.fr;devine;moyenne;;ok
COPPERTEAM;CVC/Thermique;CHATOU;78400;75;20-49 sal.;;contact@copperteam.fr;contact@copperteam.fr;scrape;moyenne;;ok
ALIZE CLIM;CVC/Thermique;GENNEVILLIERS;92230;75;20-49 sal.;http://www.alize-clim.com/;contact@alize-clim.com;contact@alize-clim.com;devine;moyenne;;ok
PROJET ARTISAN;Menuiserie bois;PARIS;75019;75;10-19 sal.;https://projet-artisan.com/;contact@projet-artisan.com;contact@projet-artisan.com;devine;moyenne;;ok
COMPAGNON DU BATIMENT;Menuiserie bois;PARIS;75011;75;10-19 sal.;https://plombiers-75012.fr/;contact@plombiers-75012.fr;contact@plombiers-75012.fr;devine;moyenne;;ok
AUGUSTO ET FRERES;Menuiserie bois;PARIS;75016;75;20-49 sal.;;ets.pereira.augusto@gmail.com;ets.pereira.augusto@gmail.com;scrape;moyenne;;ok
SOCIETE JEANNIN;Menuiserie métallique;PARIS;75009;75;10-19 sal.;;contact@serrureriejeannin.com;contact@serrureriejeannin.com;devine;moyenne;site;ok
TORRAS METALLERIE;Menuiserie métallique;PARIS;75017;75;10-19 sal.;;contact@torras.fr;contact@torras.fr;scrape;moyenne;;ok
SONAY;Menuiserie métallique;ALFORTVILLE;94140;75;10-19 sal.;;contact@sonay.com;contact@sonay.com;devine;moyenne;site sonay.com;ok
DJYMS SPBM;Menuiserie métallique;BOULOGNE-BILLANCOURT;92100;75;10-19 sal.;https://www.cegedim-media.fr/;kbelage@coperton.com;kbelage@coperton.com;scrape;moyenne;;ok
GEORGES LABO;Menuiserie métallique;PARIS;75018;75;20-49 sal.;https://www.georges-labo.fr/;contact@georges-labo.fr;contact@georges-labo.fr;devine;moyenne;;ok
SOCIETE AUTO-FERMETURE;Menuiserie métallique;PARIS 11;75011;75;20-49 sal.;http://www.auto-fermetureaf-paris.fr/contact;contact@auto-fermetureaf-paris.fr;contact@auto-fermetureaf-paris.fr;devine;moyenne;;ok
SARL MSC;Menuiserie métallique;PARIS;75011;75;20-49 sal.;https://www.msc.com/fra/contact-us?lang=en-gb;contact@msc.com;contact@msc.com;devine;moyenne;;ok
S.A.S. PEREIRA;Peinture;PARIS;75007;75;10-19 sal.;http://saspereira.com/;contact@saspereira.com;contact@saspereira.com;devine;moyenne;;ok
SMPI EMBELLISSEMENT;Peinture;PARIS;75012;75;10-19 sal.;http://www.smpi-embellissement.com/;contact@smpi-embellissement.com;contact@smpi-embellissement.com;devine;moyenne;;ok
CRISTAL DECOR;Peinture;VINCENNES;94300;75;10-19 sal.;https://cristalconcorde.com/;contact@cristalconcorde.com;contact@cristalconcorde.com;devine;moyenne;;ok
MON CONCEPT HABITATION;Peinture;PARIS;75010;75;20-49 sal.;https://www.monconcepthabitation.com/;contact@monconcepthabitation.com;contact@monconcepthabitation.com;devine;moyenne;;ok
EUROPEENNE DE BATIMENT;Peinture;CHAMPIGNY-SUR-MARNE;94500;75;20-49 sal.;;rh@edbatiment.fr;rh@edbatiment.fr;scrape;moyenne;;ok
RMS;Peinture;PARIS;75008;75;20-49 sal.;http://www.retailmanagementservices.fr/;contact@retailmanagementservices.fr;contact@retailmanagementservices.fr;devine;moyenne;;ok
COURSIERS DIRECT SERVICES;Transport fret;MAISONS-ALFORT;94700;75;10-19 sal.;http://www.groupedirectservices.com/;contact@groupedirectservices.com;contact@groupedirectservices.com;devine;moyenne;;ok
DRIV'EXPRESS;Transport fret;PARIS;75008;75;10-19 sal.;http://drivexpress.org/;contact@drivexpress.org;contact@drivexpress.org;devine;moyenne;;ok
L & L TRANSPORTS;Transport fret;PARIS;75008;75;10-19 sal.;https://www.rls-transport.com/;contact@rls-transport.com;contact@rls-transport.com;devine;moyenne;;ok
SOCIETE EUROPEENNE TRANSPORT SERVICE;Transport fret;CRETEIL;94000;75;10-19 sal.;https://www.transports-sets.fr/?utm_source=Google_My_Business&utm_medium=Organic&utm_campaign=GMB;contact@transports-sets.fr;contact@transports-sets.fr;devine;moyenne;;ok
TRANSGO;Transport fret;PARIS;75013;75;10-19 sal.;;contact@transgo.fr;contact@transgo.fr;scrape;moyenne;;ok
SOTRAM GLOBAL NETWORK;Transport proximité;PARIS;75008;75;10-19 sal.;http://www.sotramglobal.com/;contact@sotramglobal.com;contact@sotramglobal.com;devine;moyenne;;ok
HELPIANOS;Transport proximité;ISSOU;78440;75;10-19 sal.;https://www.helpianostransport.com/contact.php;contact@helpianostransport.com;contact@helpianostransport.com;devine;moyenne;;ok
GM TRANSPORT;Transport proximité;SAINT-MAUR-DES-FOSSES;94100;75;10-19 sal.;https://www.stg-logistique.fr/;contact@stg-logistique.fr;contact@stg-logistique.fr;devine;moyenne;;ok
AIMENE TRANSPORT;Transport proximité;IVRY-SUR-SEINE;94200;75;10-19 sal.;https://www.jeanbesson.com/;contact@jeanbesson.com;contact@jeanbesson.com;devine;moyenne;;ok
DMT;Transport proximité;PARIS;75008;75;10-19 sal.;https://www.instagram.com/studios_dmtlab/;contact@instagram.com;contact@instagram.com;devine;moyenne;;ok
1000 ET UNE COURSES;Transport proximité;PARIS;75015;75;10-19 sal.;http://1001courses.fr/;contact@1001courses.fr;contact@1001courses.fr;devine;moyenne;;ok
TRANSPORTS BUHOT;Transport proximité;BOIS-D'ARCY;78390;75;10-19 sal.;;transports-buhot@wanadoo.fr;transports-buhot@wanadoo.fr;scrape;moyenne;;ok
MPG UPELA;Transport proximité;PARIS;75008;75;10-19 sal.;https://www.upela.com/;contact@upela.com;contact@upela.com;devine;moyenne;;ok
TRANSPODEM;Transport proximité;PARIS;75017;75;10-19 sal.;http://www.transpodem-demenagement.com/;contact@transpodem-demenagement.com;contact@transpodem-demenagement.com;devine;moyenne;;ok
TRANSPORTS TOURAINE PARIS;Transport proximité;VILLENEUVE-LE-ROI;94290;75;20-49 sal.;http://www.transportstouraineparis.fr/;contact@transportstouraineparis.fr;contact@transportstouraineparis.fr;devine;moyenne;;ok
SD LOGISTIQUE;Transport proximité;PARIS;75016;75;20-49 sal.;https://www.cevalogistics.com/fr;contact@cevalogistics.com;contact@cevalogistics.com;devine;moyenne;;ok
TMAD;Transport proximité;PARIS;75009;75;20-49 sal.;https://www.groupmad.com/;contact@groupmad.com;contact@groupmad.com;devine;moyenne;;ok
GENTI;Finition BTP;PARIS;75017;75;10-19 sal.;https://www.etsgenti.fr/;contact@etsgenti.fr;contact@etsgenti.fr;devine;moyenne;;ok
RENOSTEP;Finition BTP;PARIS;75011;75;10-19 sal.;http://www.reno.fr/;contact@reno.fr;contact@reno.fr;devine;moyenne;;ok
B RENOVATION;Finition BTP;PARIS;75008;75;10-19 sal.;https://sb-renovation-idf.fr/;contact@sb-renovation-idf.fr;contact@sb-renovation-idf.fr;devine;moyenne;;ok
AMBIANCE DECO;Finition BTP;PARIS;75015;75;10-19 sal.;;contact@ambiance-deco.fr;contact@ambiance-deco.fr;scrape;moyenne;;ok
HIN PLUS;Finition BTP;SEVRES;92310;75;10-19 sal.;http://hinplus.fr/;contact@hinplus.fr;contact@hinplus.fr;devine;moyenne;;ok
BATI RENOV CONCEPT;Finition BTP;LOUVECIENNES;78430;75;10-19 sal.;https://www.facebook.com/profile.php?id=100085699533641;contact@facebook.com;contact@facebook.com;devine;moyenne;;ok
DECO CONCEPT;Finition BTP;PARIS;75020;75;20-49 sal.;https://www.kamemeconcept.com/;contact@kamemeconcept.com;contact@kamemeconcept.com;devine;moyenne;;ok
INTECSYS;Électricité;MONTESSON;78360;78;10-19 sal.;;contact@intecsys.fr;contact@intecsys.fr;scrape;moyenne;;ok
VALLOTECH;Électricité;BUC;78530;78;10-19 sal.;https://www.vallotech.com/;contact@vallotech.com;contact@vallotech.com;devine;moyenne;;ok
CEOS FACILITY;Électricité;LES MUREAUX;78130;78;10-19 sal.;https://www.ceos-facility.fr/?utm_source=google&utm_medium=wix_google_business_profile&utm_campaign=14334852833792248810;contact@ceos-facility.fr;contact@ceos-facility.fr;devine;moyenne;;ok
ELPHITEC;Électricité;RUNGIS;94150;78;10-19 sal.;;david.duval@vinci-energies.com;david.duval@vinci-energies.com;scrape;moyenne;groupe Vinci;ok
FIBER PRO CONSULTING;Électricité;CROISSY-SUR-SEINE;78290;78;10-19 sal.;http://fiberpro.fr/;contact@fiberpro.fr;contact@fiberpro.fr;devine;moyenne;;ok
PRAD ELEC;Électricité;TRAPPES;78190;78;10-19 sal.;;contact@pradelec.com;contact@pradelec.com;scrape;moyenne;;ok
VINCI ENERGIES INTERNATIONAL & SYSTEMS;Électricité;MONTESSON;78360;78;20-49 sal.;http://vinci-energies.fr/;contact@vinci-energies.fr;contact@vinci-energies.fr;devine;moyenne;;ok
EPELEC;Électricité;VITRY-SUR-SEINE;94400;78;20-49 sal.;http://www.idee-light.com/;contact@idee-light.com;contact@idee-light.com;devine;moyenne;;ok
O-S SECURITE;Électricité;CHATOU;78400;78;20-49 sal.;http://os-securite.com/;contact@os-securite.com;contact@os-securite.com;devine;moyenne;;ok
DOMATEC;Électricité;CHATOU;78400;78;20-49 sal.;http://www.groupehorus.fr/;contact@groupehorus.fr;contact@groupehorus.fr;devine;moyenne;;ok
REALISATIONS MAINTENANCE ELECTRIQUES;Électricité;FONTENAY-SOUS-BOIS;94120;78;20-49 sal.;;contact@rme.fr;contact@rme.fr;devine;moyenne;site rme.fr;ok
ACP THERMIQUE;Plomberie;SARTROUVILLE;78500;78;10-19 sal.;http://www.acp-thermique.fr/;contact@acp-thermique.fr;contact@acp-thermique.fr;devine;moyenne;;ok
BEST CELCIUS;Plomberie;CHAVENAY;78450;78;10-19 sal.;https://www.celsius.care/;contact@celsius.care;contact@celsius.care;devine;moyenne;;ok
BOLERO;Plomberie;ECQUEVILLY;78920;78;10-19 sal.;https://www.ciali.fr/bolero;contact@ciali.fr;contact@ciali.fr;devine;moyenne;;ok
BALATONI;Plomberie;ECQUEVILLY;78920;78;10-19 sal.;http://www.ciali.fr/balatoni;contact@ciali.fr;contact@ciali.fr;devine;moyenne;;ok
PLOMBERIE CHAUFFAGE CLIMATISATION;Plomberie;COIGNIERES;78310;78;10-19 sal.;https://www.climplus.com/infos-agence/coignieres-clim-5888;contact@climplus.com;contact@climplus.com;devine;moyenne;;ok
AS PLOMBERIE;Plomberie;TRAPPES;78190;78;10-19 sal.;http://www.solutionplomberie78.fr/;contact@solutionplomberie78.fr;contact@solutionplomberie78.fr;devine;moyenne;;ok
MARLY SERVICE;Plomberie;MAREIL-MARLY;78750;78;10-19 sal.;https://www.marlyservice.fr/;contact@marlyservice.fr;contact@marlyservice.fr;devine;moyenne;;ok
AMITS;Plomberie;MANTES-LA-VILLE;78711;78;10-19 sal.;https://www.facebook.com/amitisosteocupping/;contact@facebook.com;contact@facebook.com;devine;moyenne;;ok
SAS HENON;Plomberie;ACHERES;78260;78;20-49 sal.;https://www.henon.pro/?utm_source=google&utm_medium=wix_google_business_profile&utm_campaign=1697391324333575627;contact@henon.pro;contact@henon.pro;devine;moyenne;;ok
LUMIFEU;CVC/Thermique;CONFLANS-SAINTE-HONORINE;78700;78;10-19 sal.;http://www.lumifeu.com/contact;contact@lumifeu.com;contact@lumifeu.com;devine;moyenne;;ok
JADO;CVC/Thermique;HOUILLES;78800;78;10-19 sal.;;contact@eurljado.com;contact@eurljado.com;devine;moyenne;site eurljado.com;ok
GREEN POWER BATIMENT;CVC/Thermique;SARTROUVILLE;78500;78;10-19 sal.;;c.bonnal@greenpower-batiment.fr;c.bonnal@greenpower-batiment.fr;scrape;moyenne;;ok
SCES THERMIQUES APPLIQUES TRAITEMENT EAU;CVC/Thermique;FEUCHEROLLES;78810;78;10-19 sal.;;comptabilite@state-gc.fr;comptabilite@state-gc.fr;scrape;moyenne;;ok
HELIOENERGIE;CVC/Thermique;BUCHELAY;78200;78;10-19 sal.;https://www.helioenergie.com/;contact@helioenergie.com;contact@helioenergie.com;devine;moyenne;;ok
SN C.P.A.P.;CVC/Thermique;MANTES-LA-VILLE;78711;78;10-19 sal.;;contact@cpap.fr;contact@cpap.fr;scrape;moyenne;;ok
DYNACLEAR;CVC/Thermique;COIGNIERES;78310;78;10-19 sal.;https://www.dynaclear.fr/;contact@dynaclear.fr;contact@dynaclear.fr;devine;moyenne;;ok
R&O - AIR ET EAU;CVC/Thermique;SAINT-REMY-LES-CHEVREUSE;78470;78;10-19 sal.;https://www.reneauxclimatisation.fr/;contact@reneauxclimatisation.fr;contact@reneauxclimatisation.fr;devine;moyenne;;ok
CEIS;CVC/Thermique;BOIS-D'ARCY;78390;78;20-49 sal.;http://www.ceis.eu/;contact@ceis.eu;contact@ceis.eu;devine;moyenne;;ok
HUBERT;CVC/Thermique;BOUGIVAL;78380;78;20-49 sal.;;contact@hubert-chauffage.fr;contact@hubert-chauffage.fr;scrape;moyenne;;ok
CLIM LAMBERT;CVC/Thermique;ORGEVAL;78630;78;20-49 sal.;;contact@climlambert.com;contact@climlambert.com;scrape;moyenne;;ok
SIATHERM SA;CVC/Thermique;MONTESSON;78360;78;20-49 sal.;http://siatherm.fr/;contact@siatherm.fr;contact@siatherm.fr;devine;moyenne;;ok
SOCIETE TOURNOIS SAS;CVC/Thermique;BUC;78530;78;20-49 sal.;;tournois.s.a@wanadoo.fr;tournois.s.a@wanadoo.fr;scrape;moyenne;;ok
SOMATH SOCIETE DE MAINTENANCE ET D'APPLICATIONS THERMIQUES;CVC/Thermique;COIGNIERES;78310;78;20-49 sal.;http://www.somath.fr/;contact@somath.fr;contact@somath.fr;devine;moyenne;;ok
ALBASINI;CVC/Thermique;VELIZY-VILLACOUBLAY;78140;78;20-49 sal.;;depannage@albasini.fr;depannage@albasini.fr;scrape;moyenne;;ok
TECHNI +;CVC/Thermique;ACHERES;78260;78;20-49 sal.;https://www.techniservicesbatiment.fr/;contact@techniservicesbatiment.fr;contact@techniservicesbatiment.fr;devine;moyenne;;ok
A B E MENUISERIE;Menuiserie bois;BUC;78530;78;10-19 sal.;;abemenuiserie@gmail.com;abemenuiserie@gmail.com;scrape;moyenne;;ok
RMCASAIS-REVETEMENTS ET MENUISERIES;Menuiserie bois;FLINS-SUR-SEINE;78410;78;10-19 sal.;https://www.rmcasais.fr/;contact@rmcasais.fr;contact@rmcasais.fr;devine;moyenne;;ok
SERAMEN;Menuiserie bois;CARRIERES-SUR-SEINE;78420;78;10-19 sal.;;ebenezra@seramen.fr;ebenezra@seramen.fr;scrape;moyenne;;ok
SEM BAT;Menuiserie bois;LES MUREAUX;78130;78;10-19 sal.;http://www.sembat.fr/;contact@sembat.fr;contact@sembat.fr;devine;moyenne;;ok
ATELIERS MUQUET;Menuiserie bois;CARRIERES-SUR-SEINE;78420;78;20-49 sal.;http://www.ateliersmuquet.com/;contact@ateliersmuquet.com;contact@ateliersmuquet.com;devine;moyenne;;ok
MISE EN OEUVRE;Menuiserie bois;SARTROUVILLE;78500;78;20-49 sal.;https://www.m2renovandco.com/;contact@m2renovandco.com;contact@m2renovandco.com;devine;moyenne;;ok
BE RM;Menuiserie métallique;AUBERGENVILLE;78410;78;10-19 sal.;http://www.adrem.fr/;contact@adrem.fr;contact@adrem.fr;devine;moyenne;;ok
PULSARE;Menuiserie métallique;VERSAILLES;78000;78;10-19 sal.;http://www.studiopulsar.fr/;contact@studiopulsar.fr;contact@studiopulsar.fr;devine;moyenne;;ok
PROTHERM ISOLATION;Menuiserie métallique;ISSOU;78440;78;10-19 sal.;;compta@protherm-isolation.fr;compta@protherm-isolation.fr;scrape;moyenne;;ok
BBG FRANCE;Menuiserie métallique;ELANCOURT;78990;78;10-19 sal.;http://hyline-aluminumsystems.com/;contact@hyline-aluminumsystems.com;contact@hyline-aluminumsystems.com;devine;moyenne;;ok
SERRURERIE RATIONNELLE DU BATIMENT;Menuiserie métallique;ABLIS;78660;78;20-49 sal.;;seraba@seraba.fr;seraba@seraba.fr;scrape;moyenne;;ok
MARCEL HAMON;Peinture;CONFLANS-SAINTE-HONORINE;78700;78;10-19 sal.;https://www.marcelhamon.fr/;contact@marcelhamon.fr;contact@marcelhamon.fr;devine;moyenne;;ok
SARL BOUVIER PEINTURE;Peinture;LIMAY;78520;78;10-19 sal.;;bouvier-peinture@orange.fr;bouvier-peinture@orange.fr;scrape;moyenne;;ok
LELAIDIER AND CO;Peinture;GARGENVILLE;78440;78;10-19 sal.;;contact@lelaidier.fr;contact@lelaidier.fr;scrape;moyenne;;ok
LACOUR ENTREPRISE;Peinture;VERSAILLES;78000;78;20-49 sal.;http://www.lacour.art/;contact@lacour.art;contact@lacour.art;devine;moyenne;;ok
TRANS'HORSES;Transport fret;DAMMARTIN-EN-SERVE;78111;78;10-19 sal.;http://www.transhorses.com/;contact@transhorses.com;contact@transhorses.com;devine;moyenne;;ok
NELL GREEN;Transport fret;CHAMPIGNY-SUR-MARNE;94500;78;10-19 sal.;http://www.2a5club.com/;contact@2a5club.com;contact@2a5club.com;devine;moyenne;;ok
MJ TRANS;Transport fret;THIAIS;94320;78;10-19 sal.;https://www.facebook.com/profile.php?id=100083286017421;contact@facebook.com;contact@facebook.com;devine;moyenne;;ok
H&N TRANSPORTS;Transport fret;JOUARS-PONTCHARTRAIN;78760;78;10-19 sal.;https://www.instagram.com/hn_transports;contact@instagram.com;contact@instagram.com;devine;moyenne;;ok
AB TRANS 78;Transport fret;COIGNIERES;78310;78;20-49 sal.;http://abfasttransport.fr/;contact@abfasttransport.fr;contact@abfasttransport.fr;devine;moyenne;;ok
3M'TRANS;Transport fret;MAUREPAS;78310;78;20-49 sal.;;3mtrans78@gmail.com;3mtrans78@gmail.com;scrape;moyenne;;ok
AB EXPRESS;Transport proximité;IVRY-SUR-SEINE;94200;78;10-19 sal.;http://www.abpluscourses.com/;contact@abpluscourses.com;contact@abpluscourses.com;devine;moyenne;;ok
ASSU TRANSPORT;Transport proximité;COIGNIERES;78310;78;10-19 sal.;http://www.arca-assurance-transport.fr/?utm_source=gmb;contact@arca-assurance-transport.fr;contact@arca-assurance-transport.fr;devine;moyenne;;ok
DK TRANSPORT;Transport proximité;NEUILLY-SUR-SEINE;92200;78;10-19 sal.;https://www.dk-transport.fr/;contact@dk-transport.fr;contact@dk-transport.fr;devine;moyenne;;ok
SARL TRANSPORTS MARCHAND;Transport proximité;ABLIS;78660;78;10-19 sal.;https://www.trsmarchand.com/;contact@trsmarchand.com;contact@trsmarchand.com;devine;moyenne;;ok
ELITE FIBRE TELECOM;Électricité;FONTENAY-AUX-ROSES;92260;92;10-19 sal.;https://www.elite-telecoms.com/;contact@elite-telecoms.com;contact@elite-telecoms.com;devine;moyenne;;ok
ETIREM;Électricité;PERIGNY SUR YERRES;94520;92;10-19 sal.;http://etirem.fr/;contact@etirem.fr;contact@etirem.fr;devine;moyenne;;ok
SASU ARTEV PLOMBERIE;Électricité;ASNIERES-SUR-SEINE;92600;92;10-19 sal.;https://artisanplombier-92.fr/;contact@artisanplombier-92.fr;contact@artisanplombier-92.fr;devine;moyenne;;ok
SIS CONCEPT;Électricité;CLAMART;92140;92;10-19 sal.;https://s-concept-hair.com/;contact@s-concept-hair.com;contact@s-concept-hair.com;devine;moyenne;;ok
SARL BT  QUALIT;Plomberie;ISSY-LES-MOULINEAUX;92130;92;10-19 sal.;https://btqualit-travaux.com/;contact@btqualit-travaux.com;contact@btqualit-travaux.com;devine;moyenne;;ok
DAO-THOLOZAN ENTREPRENEURS;Plomberie;COURBEVOIE;92400;92;10-19 sal.;;contact@dao-tholozan.fr;contact@dao-tholozan.fr;scrape;moyenne;;ok
STE EXPL DES ETS L WACQUANT;Plomberie;MEUDON;92190;92;10-19 sal.;;wacquant@wacquant.fr;wacquant@wacquant.fr;scrape;moyenne;;ok
ETABLISSEMENTS SALLANDRE;Plomberie;BAGNEUX;92220;92;20-49 sal.;;sallandre@sallandre.fr;sallandre@sallandre.fr;scrape;moyenne;;ok
DSC ASPIRATION;CVC/Thermique;NANTERRE;92000;92;10-19 sal.;http://www.cyclovac.fr/;contact@cyclovac.fr;contact@cyclovac.fr;devine;moyenne;;ok
GROUPE ECOLOGIE NATIONALE;CVC/Thermique;COURBEVOIE;92400;92;10-19 sal.;;contact@ecologienationale.fr;contact@ecologienationale.fr;devine;moyenne;site;ok
ATELIER ROCHE;CVC/Thermique;GENNEVILLIERS;92230;92;10-19 sal.;http://atelier-roche.fr/;contact@atelier-roche.fr;contact@atelier-roche.fr;devine;moyenne;;ok
RENOVAIR GENIE CLIMATIQUE;CVC/Thermique;CHATILLON;92320;92;10-19 sal.;https://www.renovair.com/;contact@renovair.com;contact@renovair.com;devine;moyenne;;ok
GROUPE TRANSITION ENERGIE;CVC/Thermique;CLICHY;92110;92;10-19 sal.;http://transition-energie-france.fr/;contact@transition-energie-france.fr;contact@transition-energie-france.fr;devine;moyenne;;ok
NELIOS;CVC/Thermique;BAGNEUX;92220;92;20-49 sal.;https://www.helios-fr.com/;contact@helios-fr.com;contact@helios-fr.com;devine;moyenne;;ok
KLIMA;CVC/Thermique;COLOMBES;92700;92;20-49 sal.;http://www.klima-idf.fr/;contact@klima-idf.fr;contact@klima-idf.fr;devine;moyenne;;ok
ALLIANCE PVC;Menuiserie bois;CHAMPIGNY-SUR-MARNE;94500;92;10-19 sal.;http://www.alliancepvc.com/;contact@alliancepvc.com;contact@alliancepvc.com;devine;moyenne;;ok
CTI CONSTRUCT;Menuiserie bois;BAGNEUX;92220;92;10-19 sal.;;contact@cti-groupe.fr;contact@cti-groupe.fr;scrape;moyenne;;ok
DARE;Menuiserie bois;NEUILLY-SUR-SEINE;92200;92;10-19 sal.;http://www.shareanddare.com/;contact@shareanddare.com;contact@shareanddare.com;devine;moyenne;;ok
KERMAREC;Menuiserie bois;PUTEAUX;92800;92;10-19 sal.;;contact@kermarec.fr;contact@kermarec.fr;devine;moyenne;site;ok
ARTMEN;Menuiserie bois;BOULOGNE-BILLANCOURT;92100;92;10-19 sal.;;contact@artmen.fr;contact@artmen.fr;devine;moyenne;site;ok
SEAS-PSP;Menuiserie bois;RUEIL MALMAISON;92500;92;20-49 sal.;https://seaspsp.com/?utm_source=gmb;contact@seaspsp.com;contact@seaspsp.com;devine;moyenne;;ok
RC EXPO;Menuiserie bois;VAUCRESSON;92420;92;20-49 sal.;https://univwood.fr/;contact@univwood.fr;contact@univwood.fr;devine;moyenne;;ok
PHENIX FENETRES FRANCE;Menuiserie bois;LA GARENNE-COLOMBES;92250;92;20-49 sal.;http://www.facebook.com/Ph%C3%A9nix-Fen%C3%AAtres-France-2022843054678696/;contact@facebook.com;contact@facebook.com;devine;moyenne;;ok
STORES ET FERMETURES;Menuiserie métallique;VILLENEUVE LA GARENNE;92390;92;10-19 sal.;https://www.artisanstores.fr/;contact@artisanstores.fr;contact@artisanstores.fr;devine;moyenne;;ok
ROUZES ILE DE FRANCE;Menuiserie métallique;ANTONY;92160;92;10-19 sal.;;contact@rouzes.com;contact@rouzes.com;devine;moyenne;site;ok
GPF;Menuiserie métallique;COURBEVOIE;92400;92;10-19 sal.;https://www.hydralians.fr/?y_source=1_NzM5NjQ3NTAtNzE1LWxvY2F0aW9uLndlYnNpdGU%3D;contact@hydralians.fr;contact@hydralians.fr;devine;moyenne;;ok
WEISZ;Menuiserie métallique;CLAMART;92140;92;20-49 sal.;https://www.weisz.fr/;contact@weisz.fr;contact@weisz.fr;devine;moyenne;;ok
COLPER;Menuiserie métallique;COURBEVOIE;92400;92;20-49 sal.;https://www.serrurerie-prosignal.fr/?utm_source=GMB&utm_medium=seo_local&utm_campaign=GMB_Courbevoie;contact@serrurerie-prosignal.fr;contact@serrurerie-prosignal.fr;devine;moyenne;;ok
SEDEC;Peinture;ANTONY;92160;92;10-19 sal.;http://www.sedec.fr/?utm_source=gmb;contact@sedec.fr;contact@sedec.fr;devine;moyenne;;ok
MIROITERIE DEWERPE;Peinture;MALAKOFF;92240;92;10-19 sal.;https://www.ateliersdewerpe.com/;contact@ateliersdewerpe.com;contact@ateliersdewerpe.com;devine;moyenne;;ok
AMK 2;Peinture;LEVALLOIS-PERRET;92300;92;10-19 sal.;;contact@amk2.com;contact@amk2.com;devine;moyenne;site;ok
PEINT DECOR REVET RAVAL GIACALONE;Peinture;CHATENAY-MALABRY;92290;92;10-19 sal.;http://www.giacalone.fr/;contact@giacalone.fr;contact@giacalone.fr;devine;moyenne;;ok
SINA DECORE;Peinture;GENNEVILLIERS;92230;92;10-19 sal.;http://www.sinaconstructions.fr/?utm_source=gmb;contact@sinaconstructions.fr;contact@sinaconstructions.fr;devine;moyenne;;ok
DFD PEINTURES;Peinture;ANTONY;92160;92;10-19 sal.;https://www.mariette-sols.com/;contact@mariette-sols.com;contact@mariette-sols.com;devine;moyenne;;ok
SAPA;Peinture;BOULOGNE-BILLANCOURT;92100;92;20-49 sal.;;contact@sapa.fr;contact@sapa.fr;devine;moyenne;site;ok
DU SOL AU PLAFOND;Peinture;VILLENEUVE-LA-GARENNE;92390;92;20-49 sal.;http://www.dsp.fr/;contact@dsp.fr;contact@dsp.fr;devine;moyenne;;ok
SOCIETE GENERALE DE RENOVATION ET DE CONSEIL;Peinture;BAGNEUX;92220;92;20-49 sal.;http://sgrc.fr/contact/;contact@sgrc.fr;contact@sgrc.fr;devine;moyenne;;ok
A.H.G. TRANSPORT;Transport fret;VALENTON;94460;92;10-19 sal.;;ahg-transport@wanadoo.fr;ahg-transport@wanadoo.fr;scrape;moyenne;;ok
NOURILE;Transport fret;VILLENEUVE-LA-GARENNE;92390;92;10-19 sal.;https://www.chronopost.fr/fr/particulier/nous-contacter?utm_source=gmb;contact@chronopost.fr;contact@chronopost.fr;devine;moyenne;;ok
TRANS EURO TRAVEL;Transport fret;ORLY;94310;92;20-49 sal.;;contact@tet-transport.fr;contact@tet-transport.fr;devine;moyenne;site;ok
LES TRANSPORTS PARISIENS;Transport fret;VILLENEUVE-LA-GARENNE;92390;92;20-49 sal.;http://www.fean.fr/;contact@fean.fr;contact@fean.fr;devine;moyenne;;ok
CANAL TRANSPORT;Transport fret;CHATENAY-MALABRY;92290;92;20-49 sal.;https://www.iledefrance-mobilites.fr/actualites/locales/bievre;contact@iledefrance-mobilites.fr;contact@iledefrance-mobilites.fr;devine;moyenne;;ok
ECO-LOGISTIQUE;Transport fret;VILLENEUVE LA GARENNE;92390;92;20-49 sal.;https://ecologistique.fr/;contact@ecologistique.fr;contact@ecologistique.fr;devine;moyenne;;ok
TRANSPORTS MARDOKH FRERES;Transport proximité;VILLENEUVE-LA-GARENNE;92390;92;10-19 sal.;;contact@mardokh.fr;contact@mardokh.fr;devine;moyenne;site;ok
MF TRANSPORTS;Transport proximité;ASNIERES-SUR-SEINE;92600;92;20-49 sal.;http://www.mf-transports.fr/;contact@mf-transports.fr;contact@mf-transports.fr;devine;moyenne;;ok
A A TRANSPORT;Transport proximité;VILLENEUVE-LA-GARENNE;92390;92;20-49 sal.;https://aa-motors.fr/;contact@aa-motors.fr;contact@aa-motors.fr;devine;moyenne;;ok
PARIS TRACTION;Transport proximité;GENNEVILLIERS;92230;92;20-49 sal.;http://www.paris-traction.fr/;contact@paris-traction.fr;contact@paris-traction.fr;devine;moyenne;;ok
TRANSADEL;Transport proximité;VILLENEUVE-LA-GARENNE;92390;92;20-49 sal.;;exploitation@transadel.fr;exploitation@transadel.fr;scrape;moyenne;redressement;ok
CONCEPTELEC;Électricité;SAINT-MAUR-DES-FOSSES;94100;94;10-19 sal.;;contact@conceptelec.eu;contact@conceptelec.eu;scrape;moyenne;;ok
PRISME RESEAU;Électricité;IVRY-SUR-SEINE;94200;94;10-19 sal.;http://prismereseau.fr/;contact@prismereseau.fr;contact@prismereseau.fr;devine;moyenne;;ok
SOCIETE PERRIN B.;Électricité;VALENTON;94460;94;20-49 sal.;https://ortec-group.com/agences/perrin/?utm_source=gmb;contact@ortec-group.com;contact@ortec-group.com;devine;moyenne;;ok
ETABLISSEMENTS LOISEAU;Plomberie;CHARENTON-LE-PONT;94220;94;10-19 sal.;;contact@etablissement-loiseau.fr;contact@etablissement-loiseau.fr;scrape;moyenne;;ok
SOCIETE NOUVELLE SNPC;Plomberie;CHAMPIGNY-SUR-MARNE;94500;94;20-49 sal.;;s.n.p.c@orange.fr;s.n.p.c@orange.fr;scrape;moyenne;;ok
ENTREPRISE DETOISIEN SAS;Plomberie;CACHAN;94230;94;20-49 sal.;https://detoisien.com/;contact@detoisien.com;contact@detoisien.com;devine;moyenne;;ok
ESPACE EURO SERVICES;Plomberie;CRETEIL;94000;94;20-49 sal.;;ees@espace-e-s.fr;ees@espace-e-s.fr;scrape;moyenne;;ok
CALONNE;Plomberie;ALFORTVILLE;94140;94;20-49 sal.;https://www.calonne-plomberie.com/;contact@calonne-plomberie.com;contact@calonne-plomberie.com;devine;moyenne;;ok
FRANCE AFFAIRES EQUIPEMENTS;CVC/Thermique;VINCENNES;94300;94;10-19 sal.;https://france-affaires-equipements.com/;contact@france-affaires-equipements.com;contact@france-affaires-equipements.com;devine;moyenne;;ok
SUNICE ENERGIE;CVC/Thermique;SUCY-EN-BRIE;94370;94;10-19 sal.;https://www.sunice-energie.fr/;contact@sunice-energie.fr;contact@sunice-energie.fr;devine;moyenne;;ok
AIREOL;CVC/Thermique;SAINT-MAUR-DES-FOSSES;94100;94;10-19 sal.;;contact@aireol.fr;contact@aireol.fr;scrape;moyenne;;ok
C P E CLIMATISATION;CVC/Thermique;SAINT-MAUR-DES-FOSSES;94100;94;10-19 sal.;https://www.cpe-climatisation.fr/;contact@cpe-climatisation.fr;contact@cpe-climatisation.fr;devine;moyenne;;ok
GENERALE GEOTHERMIE SOLUTIONS;CVC/Thermique;CRETEIL;94000;94;10-19 sal.;http://www.sodigaine.fr/;contact@sodigaine.fr;contact@sodigaine.fr;devine;moyenne;;ok
CARDONNEL CHAUFFAGES SERVICES;CVC/Thermique;SANTENY;94440;94;10-19 sal.;http://www.cardonnel-chauffage.com/;contact@cardonnel-chauffage.com;contact@cardonnel-chauffage.com;devine;moyenne;;ok
M&N ENERGY;CVC/Thermique;ALFORTVILLE;94140;94;20-49 sal.;https://www.energiedefrance-groupe.com/;contact@energiedefrance-groupe.com;contact@energiedefrance-groupe.com;devine;moyenne;;ok
ACMA;Menuiserie bois;CHOISY-LE-ROI;94600;94;10-19 sal.;http://acma-technal.fr/;contact@acma-technal.fr;contact@acma-technal.fr;devine;moyenne;;ok
GUINIER CONSTRUCTION;Menuiserie bois;ALFORTVILLE;94140;94;20-49 sal.;http://spinnaker-guinier.com/category/contact/;contact@spinnaker-guinier.com;contact@spinnaker-guinier.com;devine;moyenne;;ok
AOBC AMENAGEMENT ORGANISATION DE BUREAUX CLOISON;Menuiserie métallique;LE PLESSIS-TREVISE;94420;94;10-19 sal.;;contact@aobcloisons.com;contact@aobcloisons.com;devine;moyenne;site;ok
P.S.C.I.;Menuiserie métallique;FONTENAY-SOUS-BOIS;94120;94;10-19 sal.;https://www.pcsi.fr/;contact@pcsi.fr;contact@pcsi.fr;devine;moyenne;;ok
I D F PEINTURES;Peinture;ALFORTVILLE;94140;94;10-19 sal.;https://www.bsa-idf.fr/;contact@bsa-idf.fr;contact@bsa-idf.fr;devine;moyenne;;ok
URBAN ENVIRONNEMENT;Peinture;THIAIS;94320;94;20-49 sal.;https://urban-environnement.fr/;contact@urban-environnement.fr;contact@urban-environnement.fr;devine;moyenne;;ok
DA SILVA;Peinture;ORMESSON-SUR-MARNE;94490;94;20-49 sal.;https://www.dasilva-maconnerie-94.com/;contact@dasilva-maconnerie-94.com;contact@dasilva-maconnerie-94.com;devine;moyenne;;ok
MIMMO;Peinture;IVRY-SUR-SEINE;94200;94;20-49 sal.;;contact@mimmoravaldeco.fr;contact@mimmoravaldeco.fr;scrape;moyenne;;ok
COMBET;Peinture;SAINT-MAUR-DES-FOSSES;94100;94;20-49 sal.;https://www.combet.fr/;contact@combet.fr;contact@combet.fr;devine;moyenne;;ok
M.B. PEINTURE;Peinture;VILLEJUIF;94800;94;20-49 sal.;;contact@mbpeinture.fr;contact@mbpeinture.fr;devine;moyenne;site;ok
SARL S F E T;Transport fret;ABLON-SUR-SEINE;94480;94;10-19 sal.;;contact@sfet.fr;contact@sfet.fr;devine;moyenne;site;ok
TRANS CHABOUR;Transport fret;ORLY;94310;94;10-19 sal.;https://www.stg-logistique.fr/;contact@stg-logistique.fr;contact@stg-logistique.fr;devine;moyenne;;ok
ARES TRANSPORT;Transport fret;CRETEIL;94000;94;10-19 sal.;http://www.ares-services.com/;contact@ares-services.com;contact@ares-services.com;devine;moyenne;;ok
SWLT;Transport fret;RUNGIS;94150;94;10-19 sal.;;stefswlt@gmail.com;stefswlt@gmail.com;scrape;moyenne;;ok
LTB LOCAT TRANSPORTS BENNES;Transport proximité;SAINT-MAUR-DES-FOSSES;94210;94;10-19 sal.;https://www.ltb-bennes.com/;contact@ltb-bennes.com;contact@ltb-bennes.com;devine;moyenne;;ok
LES TRANSPORTS 2T;Transport proximité;LE PERREUX-SUR-MARNE;94170;94;10-19 sal.;https://2tservices.fr/;contact@2tservices.fr;contact@2tservices.fr;devine;moyenne;;ok
COURSES AND CO;Transport proximité;PERIGNY;94520;94;10-19 sal.;https://www.ofcoursetransport.fr/;contact@ofcoursetransport.fr;contact@ofcoursetransport.fr;devine;moyenne;;ok
INTECSYS;Électricité;MONTESSON;78360;78;10-19 sal.;;contact@intecsys.fr;contact@intecsys.fr;scrape;moyenne;;ok
VALLOTECH;Électricité;BUC;78530;78;10-19 sal.;https://www.vallotech.com/;contact@vallotech.com;contact@vallotech.com;devine;moyenne;;ok
CEOS FACILITY;Électricité;LES MUREAUX;78130;78;10-19 sal.;https://www.ceos-facility.fr/?utm_source=google&utm_medium=wix_google_business_profile&utm_campaign=14334852833792248810;contact@ceos-facility.fr;contact@ceos-facility.fr;devine;moyenne;;ok
ELPHITEC;Électricité;RUNGIS;94150;78;10-19 sal.;;david.duval@vinci-energies.com;david.duval@vinci-energies.com;scrape;moyenne;groupe Vinci;ok
FIBER PRO CONSULTING;Électricité;CROISSY-SUR-SEINE;78290;78;10-19 sal.;http://fiberpro.fr/;contact@fiberpro.fr;contact@fiberpro.fr;devine;moyenne;;ok
PRAD ELEC;Électricité;TRAPPES;78190;78;10-19 sal.;;contact@pradelec.com;contact@pradelec.com;scrape;moyenne;;ok
VINCI ENERGIES INTERNATIONAL & SYSTEMS;Électricité;MONTESSON;78360;78;20-49 sal.;http://vinci-energies.fr/;contact@vinci-energies.fr;contact@vinci-energies.fr;devine;moyenne;;ok
EPELEC;Électricité;VITRY-SUR-SEINE;94400;78;20-49 sal.;http://www.idee-light.com/;contact@idee-light.com;contact@idee-light.com;devine;moyenne;;ok
O-S SECURITE;Électricité;CHATOU;78400;78;20-49 sal.;http://os-securite.com/;contact@os-securite.com;contact@os-securite.com;devine;moyenne;;ok
DOMATEC;Électricité;CHATOU;78400;78;20-49 sal.;http://www.groupehorus.fr/;contact@groupehorus.fr;contact@groupehorus.fr;devine;moyenne;;ok
REALISATIONS MAINTENANCE ELECTRIQUES;Électricité;FONTENAY-SOUS-BOIS;94120;78;20-49 sal.;;contact@rme.fr;contact@rme.fr;devine;moyenne;site rme.fr;ok
ACP THERMIQUE;Plomberie;SARTROUVILLE;78500;78;10-19 sal.;http://www.acp-thermique.fr/;contact@acp-thermique.fr;contact@acp-thermique.fr;devine;moyenne;;ok
BEST CELCIUS;Plomberie;CHAVENAY;78450;78;10-19 sal.;https://www.celsius.care/;contact@celsius.care;contact@celsius.care;devine;moyenne;;ok
BOLERO;Plomberie;ECQUEVILLY;78920;78;10-19 sal.;https://www.ciali.fr/bolero;contact@ciali.fr;contact@ciali.fr;devine;moyenne;;ok
BALATONI;Plomberie;ECQUEVILLY;78920;78;10-19 sal.;http://www.ciali.fr/balatoni;contact@ciali.fr;contact@ciali.fr;devine;moyenne;;ok
PLOMBERIE CHAUFFAGE CLIMATISATION;Plomberie;COIGNIERES;78310;78;10-19 sal.;https://www.climplus.com/infos-agence/coignieres-clim-5888;contact@climplus.com;contact@climplus.com;devine;moyenne;;ok
AS PLOMBERIE;Plomberie;TRAPPES;78190;78;10-19 sal.;http://www.solutionplomberie78.fr/;contact@solutionplomberie78.fr;contact@solutionplomberie78.fr;devine;moyenne;;ok
MARLY SERVICE;Plomberie;MAREIL-MARLY;78750;78;10-19 sal.;https://www.marlyservice.fr/;contact@marlyservice.fr;contact@marlyservice.fr;devine;moyenne;;ok
AMITS;Plomberie;MANTES-LA-VILLE;78711;78;10-19 sal.;https://www.facebook.com/amitisosteocupping/;contact@facebook.com;contact@facebook.com;devine;moyenne;;ok
SAS HENON;Plomberie;ACHERES;78260;78;20-49 sal.;https://www.henon.pro/?utm_source=google&utm_medium=wix_google_business_profile&utm_campaign=1697391324333575627;contact@henon.pro;contact@henon.pro;devine;moyenne;;ok
LUMIFEU;CVC/Thermique;CONFLANS-SAINTE-HONORINE;78700;78;10-19 sal.;http://www.lumifeu.com/contact;contact@lumifeu.com;contact@lumifeu.com;devine;moyenne;;ok
JADO;CVC/Thermique;HOUILLES;78800;78;10-19 sal.;;contact@eurljado.com;contact@eurljado.com;devine;moyenne;site eurljado.com;ok
GREEN POWER BATIMENT;CVC/Thermique;SARTROUVILLE;78500;78;10-19 sal.;;c.bonnal@greenpower-batiment.fr;c.bonnal@greenpower-batiment.fr;scrape;moyenne;;ok
ECP FACILITIES;CVC/Thermique;ALFORTVILLE;94140;78;10-19 sal.;https://www.ecp-sas.com/;contact@ecp-sas.com;contact@ecp-sas.com;devine;moyenne;;ok
SCES THERMIQUES APPLIQUES TRAITEMENT EAU;CVC/Thermique;FEUCHEROLLES;78810;78;10-19 sal.;;comptabilite@state-gc.fr;comptabilite@state-gc.fr;scrape;moyenne;;ok
HELIOENERGIE;CVC/Thermique;BUCHELAY;78200;78;10-19 sal.;https://www.helioenergie.com/;contact@helioenergie.com;contact@helioenergie.com;devine;moyenne;;ok
SN C.P.A.P.;CVC/Thermique;MANTES-LA-VILLE;78711;78;10-19 sal.;;contact@cpap.fr;contact@cpap.fr;scrape;moyenne;;ok
DYNACLEAR;CVC/Thermique;COIGNIERES;78310;78;10-19 sal.;https://www.dynaclear.fr/;contact@dynaclear.fr;contact@dynaclear.fr;devine;moyenne;;ok
R&O - AIR ET EAU;CVC/Thermique;SAINT-REMY-LES-CHEVREUSE;78470;78;10-19 sal.;;contact@air-et-eau.com;contact@air-et-eau.com;scrape;moyenne;;ok
CEIS;CVC/Thermique;BOIS-D'ARCY;78390;78;20-49 sal.;http://www.ceis.eu/;contact@ceis.eu;contact@ceis.eu;devine;moyenne;;ok
HUBERT;CVC/Thermique;BOUGIVAL;78380;78;20-49 sal.;;contact@hubert-chauffage.fr;contact@hubert-chauffage.fr;scrape;moyenne;;ok
CLIM LAMBERT;CVC/Thermique;ORGEVAL;78630;78;20-49 sal.;;contact@climlambert.com;contact@climlambert.com;scrape;moyenne;;ok
SIATHERM SA;CVC/Thermique;MONTESSON;78360;78;20-49 sal.;http://siatherm.fr/;contact@siatherm.fr;contact@siatherm.fr;devine;moyenne;;ok
SOCIETE TOURNOIS SAS;CVC/Thermique;BUC;78530;78;20-49 sal.;;tournois.s.a@wanadoo.fr;tournois.s.a@wanadoo.fr;scrape;moyenne;;ok
SOMATH SOCIETE DE MAINTENANCE ET D'APPLICATIONS THERMIQUES;CVC/Thermique;COIGNIERES;78310;78;20-49 sal.;http://www.somath.fr/;contact@somath.fr;contact@somath.fr;devine;moyenne;;ok
ALBASINI;CVC/Thermique;VELIZY-VILLACOUBLAY;78140;78;20-49 sal.;;depannage@albasini.fr;depannage@albasini.fr;scrape;moyenne;;ok
TECHNI +;CVC/Thermique;ACHERES;78260;78;20-49 sal.;https://www.techniservicesbatiment.fr/;contact@techniservicesbatiment.fr;contact@techniservicesbatiment.fr;devine;moyenne;;ok
A B E MENUISERIE;Menuiserie bois;BUC;78530;78;10-19 sal.;;abemenuiserie@gmail.com;abemenuiserie@gmail.com;scrape;moyenne;;ok
RMCASAIS-REVETEMENTS ET MENUISERIES;Menuiserie bois;FLINS-SUR-SEINE;78410;78;10-19 sal.;https://www.rmcasais.fr/;contact@rmcasais.fr;contact@rmcasais.fr;devine;moyenne;;ok
SERAMEN;Menuiserie bois;CARRIERES-SUR-SEINE;78420;78;10-19 sal.;;ebenezra@seramen.fr;ebenezra@seramen.fr;scrape;moyenne;;ok
SEM BAT;Menuiserie bois;LES MUREAUX;78130;78;10-19 sal.;http://www.sembat.fr/;contact@sembat.fr;contact@sembat.fr;devine;moyenne;;ok
ATELIERS MUQUET;Menuiserie bois;CARRIERES-SUR-SEINE;78420;78;20-49 sal.;http://www.ateliersmuquet.com/;contact@ateliersmuquet.com;contact@ateliersmuquet.com;devine;moyenne;;ok
MISE EN OEUVRE;Menuiserie bois;SARTROUVILLE;78500;78;20-49 sal.;https://www.m2renovandco.com/;contact@m2renovandco.com;contact@m2renovandco.com;devine;moyenne;;ok
PULSARE;Menuiserie métallique;VERSAILLES;78000;78;10-19 sal.;http://www.studiopulsar.fr/;contact@studiopulsar.fr;contact@studiopulsar.fr;devine;moyenne;;ok
PROTHERM ISOLATION;Menuiserie métallique;ISSOU;78440;78;10-19 sal.;;compta@protherm-isolation.fr;compta@protherm-isolation.fr;scrape;moyenne;;ok
BBG FRANCE;Menuiserie métallique;ELANCOURT;78990;78;10-19 sal.;http://hyline-aluminumsystems.com/;contact@hyline-aluminumsystems.com;contact@hyline-aluminumsystems.com;devine;moyenne;;ok
SERRURERIE RATIONNELLE DU BATIMENT;Menuiserie métallique;ABLIS;78660;78;20-49 sal.;;seraba@seraba.fr;seraba@seraba.fr;scrape;moyenne;;ok
MARCEL HAMON;Peinture;CONFLANS-SAINTE-HONORINE;78700;78;10-19 sal.;https://www.marcelhamon.fr/;contact@marcelhamon.fr;contact@marcelhamon.fr;devine;moyenne;;ok
SARL BOUVIER PEINTURE;Peinture;LIMAY;78520;78;10-19 sal.;;bouvier-peinture@orange.fr;bouvier-peinture@orange.fr;scrape;moyenne;;ok
LELAIDIER AND CO;Peinture;GARGENVILLE;78440;78;10-19 sal.;;contact@lelaidier.fr;contact@lelaidier.fr;scrape;moyenne;;ok
LACOUR ENTREPRISE;Peinture;VERSAILLES;78000;78;20-49 sal.;http://www.lacour.art/;contact@lacour.art;contact@lacour.art;devine;moyenne;;ok
TRANS'HORSES;Transport fret;DAMMARTIN-EN-SERVE;78111;78;10-19 sal.;http://www.transhorses.com/;contact@transhorses.com;contact@transhorses.com;devine;moyenne;;ok
NELL GREEN;Transport fret;CHAMPIGNY-SUR-MARNE;94500;78;10-19 sal.;http://www.2a5club.com/;contact@2a5club.com;contact@2a5club.com;devine;moyenne;;ok
MJ TRANS;Transport fret;THIAIS;94320;78;10-19 sal.;https://www.facebook.com/profile.php?id=100083286017421;contact@facebook.com;contact@facebook.com;devine;moyenne;;ok
H&N TRANSPORTS;Transport fret;JOUARS-PONTCHARTRAIN;78760;78;10-19 sal.;https://www.instagram.com/hn_transports;contact@instagram.com;contact@instagram.com;devine;moyenne;;ok
AB TRANS 78;Transport fret;COIGNIERES;78310;78;20-49 sal.;http://abfasttransport.fr/;contact@abfasttransport.fr;contact@abfasttransport.fr;devine;moyenne;;ok
3M'TRANS;Transport fret;MAUREPAS;78310;78;20-49 sal.;;3mtrans78@gmail.com;3mtrans78@gmail.com;scrape;moyenne;;ok
DK TRANSPORT;Transport proximité;NEUILLY-SUR-SEINE;92200;78;10-19 sal.;https://www.dk-transport.fr/;contact@dk-transport.fr;contact@dk-transport.fr;devine;moyenne;;ok
SARL TRANSPORTS MARCHAND;Transport proximité;ABLIS;78660;78;10-19 sal.;https://www.trsmarchand.com/;contact@trsmarchand.com;contact@trsmarchand.com;devine;moyenne;;ok
ELITE FIBRE TELECOM;Électricité;FONTENAY-AUX-ROSES;92260;92;10-19 sal.;https://www.elite-telecoms.com/;contact@elite-telecoms.com;contact@elite-telecoms.com;devine;moyenne;;ok
ETIREM;Électricité;PERIGNY SUR YERRES;94520;92;10-19 sal.;http://etirem.fr/;contact@etirem.fr;contact@etirem.fr;devine;moyenne;;ok
SASU ARTEV PLOMBERIE;Électricité;ASNIERES-SUR-SEINE;92600;92;10-19 sal.;https://artisanplombier-92.fr/;contact@artisanplombier-92.fr;contact@artisanplombier-92.fr;devine;moyenne;;ok
SIS CONCEPT;Électricité;CLAMART;92140;92;10-19 sal.;https://s-concept-hair.com/;contact@s-concept-hair.com;contact@s-concept-hair.com;devine;moyenne;;ok
SARL BT  QUALIT;Plomberie;ISSY-LES-MOULINEAUX;92130;92;10-19 sal.;https://btqualit-travaux.com/;contact@btqualit-travaux.com;contact@btqualit-travaux.com;devine;moyenne;;ok
DAO-THOLOZAN ENTREPRENEURS;Plomberie;COURBEVOIE;92400;92;10-19 sal.;;contact@dao-tholozan.fr;contact@dao-tholozan.fr;scrape;moyenne;;ok
STE EXPL DES ETS L WACQUANT;Plomberie;MEUDON;92190;92;10-19 sal.;;wacquant@wacquant.fr;wacquant@wacquant.fr;scrape;moyenne;;ok
DECOFOR;Plomberie;NANTERRE;92000;92;20-49 sal.;;decofor@decofor-plomberie.fr;decofor@decofor-plomberie.fr;scrape;moyenne;;ok
ETABLISSEMENTS SALLANDRE;Plomberie;BAGNEUX;92220;92;20-49 sal.;;sallandre@sallandre.fr;sallandre@sallandre.fr;scrape;moyenne;;ok
DSC ASPIRATION;CVC/Thermique;NANTERRE;92000;92;10-19 sal.;http://www.cyclovac.fr/;contact@cyclovac.fr;contact@cyclovac.fr;devine;moyenne;;ok
GROUPE ECOLOGIE NATIONALE;CVC/Thermique;COURBEVOIE;92400;92;10-19 sal.;;contact@ecologienationale.fr;contact@ecologienationale.fr;devine;moyenne;site;ok
ATELIER ROCHE;CVC/Thermique;GENNEVILLIERS;92230;92;10-19 sal.;http://atelier-roche.fr/;contact@atelier-roche.fr;contact@atelier-roche.fr;devine;moyenne;;ok
RENOVAIR GENIE CLIMATIQUE;CVC/Thermique;CHATILLON;92320;92;10-19 sal.;https://www.renovair.com/;contact@renovair.com;contact@renovair.com;devine;moyenne;;ok
GROUPE TRANSITION ENERGIE;CVC/Thermique;CLICHY;92110;92;10-19 sal.;http://transition-energie-france.fr/;contact@transition-energie-france.fr;contact@transition-energie-france.fr;devine;moyenne;;ok
KLIMA;CVC/Thermique;COLOMBES;92700;92;20-49 sal.;http://www.klima-idf.fr/;contact@klima-idf.fr;contact@klima-idf.fr;devine;moyenne;;ok
ALLIANCE PVC;Menuiserie bois;CHAMPIGNY-SUR-MARNE;94500;92;10-19 sal.;http://www.alliancepvc.com/;contact@alliancepvc.com;contact@alliancepvc.com;devine;moyenne;;ok
CTI CONSTRUCT;Menuiserie bois;BAGNEUX;92220;92;10-19 sal.;;contact@cti-groupe.fr;contact@cti-groupe.fr;scrape;moyenne;;ok
DARE;Menuiserie bois;NEUILLY-SUR-SEINE;92200;92;10-19 sal.;http://www.shareanddare.com/;contact@shareanddare.com;contact@shareanddare.com;devine;moyenne;;ok
KERMAREC;Menuiserie bois;PUTEAUX;92800;92;10-19 sal.;;contact@kermarec.fr;contact@kermarec.fr;devine;moyenne;site;ok
ARTMEN;Menuiserie bois;BOULOGNE-BILLANCOURT;92100;92;10-19 sal.;;contact@artmen.fr;contact@artmen.fr;devine;moyenne;site;ok
SEAS-PSP;Menuiserie bois;RUEIL MALMAISON;92500;92;20-49 sal.;https://seaspsp.com/?utm_source=gmb;contact@seaspsp.com;contact@seaspsp.com;devine;moyenne;;ok
RC EXPO;Menuiserie bois;VAUCRESSON;92420;92;20-49 sal.;https://univwood.fr/;contact@univwood.fr;contact@univwood.fr;devine;moyenne;;ok
PHENIX FENETRES FRANCE;Menuiserie bois;LA GARENNE-COLOMBES;92250;92;20-49 sal.;http://www.facebook.com/Ph%C3%A9nix-Fen%C3%AAtres-France-2022843054678696/;contact@facebook.com;contact@facebook.com;devine;moyenne;;ok
STORES ET FERMETURES;Menuiserie métallique;VILLENEUVE LA GARENNE;92390;92;10-19 sal.;https://www.artisanstores.fr/;contact@artisanstores.fr;contact@artisanstores.fr;devine;moyenne;;ok
ROUZES ILE DE FRANCE;Menuiserie métallique;ANTONY;92160;92;10-19 sal.;;contact@rouzes.com;contact@rouzes.com;devine;moyenne;site;ok
WEISZ;Menuiserie métallique;CLAMART;92140;92;20-49 sal.;https://www.weisz.fr/;contact@weisz.fr;contact@weisz.fr;devine;moyenne;;ok
COLPER;Menuiserie métallique;COURBEVOIE;92400;92;20-49 sal.;https://www.serrurerie-prosignal.fr/?utm_source=GMB&utm_medium=seo_local&utm_campaign=GMB_Courbevoie;contact@serrurerie-prosignal.fr;contact@serrurerie-prosignal.fr;devine;moyenne;;ok
SEDEC;Peinture;ANTONY;92160;92;10-19 sal.;http://www.sedec.fr/?utm_source=gmb;contact@sedec.fr;contact@sedec.fr;devine;moyenne;;ok
MIROITERIE DEWERPE;Peinture;MALAKOFF;92240;92;10-19 sal.;https://www.ateliersdewerpe.com/;contact@ateliersdewerpe.com;contact@ateliersdewerpe.com;devine;moyenne;;ok
AMK 2;Peinture;LEVALLOIS-PERRET;92300;92;10-19 sal.;;contact@amk2.com;contact@amk2.com;devine;moyenne;site;ok
PEINT DECOR REVET RAVAL GIACALONE;Peinture;CHATENAY-MALABRY;92290;92;10-19 sal.;http://www.giacalone.fr/;contact@giacalone.fr;contact@giacalone.fr;devine;moyenne;;ok
DFD PEINTURES;Peinture;ANTONY;92160;92;10-19 sal.;https://www.mariette-sols.com/;contact@mariette-sols.com;contact@mariette-sols.com;devine;moyenne;;ok
SAPA;Peinture;BOULOGNE-BILLANCOURT;92100;92;20-49 sal.;;contact@sapa.fr;contact@sapa.fr;devine;moyenne;site;ok
DU SOL AU PLAFOND;Peinture;VILLENEUVE-LA-GARENNE;92390;92;20-49 sal.;http://www.dsp.fr/;contact@dsp.fr;contact@dsp.fr;devine;moyenne;;ok
A.H.G. TRANSPORT;Transport fret;VALENTON;94460;92;10-19 sal.;;ahg-transport@wanadoo.fr;ahg-transport@wanadoo.fr;scrape;moyenne;;ok
NOURILE;Transport fret;VILLENEUVE-LA-GARENNE;92390;92;10-19 sal.;https://www.chronopost.fr/fr/particulier/nous-contacter?utm_source=gmb;contact@chronopost.fr;contact@chronopost.fr;devine;moyenne;;ok
TRANS EURO TRAVEL;Transport fret;ORLY;94310;92;20-49 sal.;;contact@tet-transport.fr;contact@tet-transport.fr;devine;moyenne;site;ok
LES TRANSPORTS PARISIENS;Transport fret;VILLENEUVE-LA-GARENNE;92390;92;20-49 sal.;http://www.fean.fr/;contact@fean.fr;contact@fean.fr;devine;moyenne;;ok
CANAL TRANSPORT;Transport fret;CHATENAY-MALABRY;92290;92;20-49 sal.;https://www.iledefrance-mobilites.fr/actualites/locales/bievre;contact@iledefrance-mobilites.fr;contact@iledefrance-mobilites.fr;devine;moyenne;;ok
ECO-LOGISTIQUE;Transport fret;VILLENEUVE LA GARENNE;92390;92;20-49 sal.;https://ecologistique.fr/;contact@ecologistique.fr;contact@ecologistique.fr;devine;moyenne;;ok
TRANSPORTS MARDOKH FRERES;Transport proximité;VILLENEUVE-LA-GARENNE;92390;92;10-19 sal.;;contact@mardokh.fr;contact@mardokh.fr;devine;moyenne;site;ok
MF TRANSPORTS;Transport proximité;ASNIERES-SUR-SEINE;92600;92;20-49 sal.;http://www.mf-transports.fr/;contact@mf-transports.fr;contact@mf-transports.fr;devine;moyenne;;ok
MAVOUNA LOGISTIC SASU;Transport proximité;ASNIERES-SUR-SEINE;92600;92;20-49 sal.;http://mnabtransports.fr/;contact@mnabtransports.fr;contact@mnabtransports.fr;devine;moyenne;;ok
A A TRANSPORT;Transport proximité;VILLENEUVE-LA-GARENNE;92390;92;20-49 sal.;https://aa-motors.fr/;contact@aa-motors.fr;contact@aa-motors.fr;devine;moyenne;;ok
PARIS TRACTION;Transport proximité;GENNEVILLIERS;92230;92;20-49 sal.;http://www.paris-traction.fr/;contact@paris-traction.fr;contact@paris-traction.fr;devine;moyenne;;ok
TRANSADEL;Transport proximité;VILLENEUVE-LA-GARENNE;92390;92;20-49 sal.;;exploitation@transadel.fr;exploitation@transadel.fr;scrape;moyenne;redressement;ok
CONCEPTELEC;Électricité;SAINT-MAUR-DES-FOSSES;94100;94;10-19 sal.;;contact@conceptelec.eu;contact@conceptelec.eu;scrape;moyenne;;ok
PRISME RESEAU;Électricité;IVRY-SUR-SEINE;94200;94;10-19 sal.;http://prismereseau.fr/;contact@prismereseau.fr;contact@prismereseau.fr;devine;moyenne;;ok
SOCIETE PERRIN B.;Électricité;VALENTON;94460;94;20-49 sal.;https://ortec-group.com/agences/perrin/?utm_source=gmb;contact@ortec-group.com;contact@ortec-group.com;devine;moyenne;;ok
ETABLISSEMENTS LOISEAU;Plomberie;CHARENTON-LE-PONT;94220;94;10-19 sal.;;contact@etablissement-loiseau.fr;contact@etablissement-loiseau.fr;scrape;moyenne;;ok
SOCIETE NOUVELLE SNPC;Plomberie;CHAMPIGNY-SUR-MARNE;94500;94;20-49 sal.;;s.n.p.c@orange.fr;s.n.p.c@orange.fr;scrape;moyenne;;ok
ENTREPRISE DETOISIEN SAS;Plomberie;CACHAN;94230;94;20-49 sal.;https://detoisien.com/;contact@detoisien.com;contact@detoisien.com;devine;moyenne;;ok
ESPACE EURO SERVICES;Plomberie;CRETEIL;94000;94;20-49 sal.;;ees@espace-e-s.fr;ees@espace-e-s.fr;scrape;moyenne;;ok
CALONNE;Plomberie;ALFORTVILLE;94140;94;20-49 sal.;https://www.calonne-plomberie.com/;contact@calonne-plomberie.com;contact@calonne-plomberie.com;devine;moyenne;;ok
FRANCE AFFAIRES EQUIPEMENTS;CVC/Thermique;VINCENNES;94300;94;10-19 sal.;https://france-affaires-equipements.com/;contact@france-affaires-equipements.com;contact@france-affaires-equipements.com;devine;moyenne;;ok
SUNICE ENERGIE;CVC/Thermique;SUCY-EN-BRIE;94370;94;10-19 sal.;https://www.sunice-energie.fr/;contact@sunice-energie.fr;contact@sunice-energie.fr;devine;moyenne;;ok
AIREOL;CVC/Thermique;SAINT-MAUR-DES-FOSSES;94100;94;10-19 sal.;;contact@aireol.fr;contact@aireol.fr;scrape;moyenne;;ok
C P E CLIMATISATION;CVC/Thermique;SAINT-MAUR-DES-FOSSES;94100;94;10-19 sal.;https://www.cpe-climatisation.fr/;contact@cpe-climatisation.fr;contact@cpe-climatisation.fr;devine;moyenne;;ok
CARDONNEL CHAUFFAGES SERVICES;CVC/Thermique;SANTENY;94440;94;10-19 sal.;http://www.cardonnel-chauffage.com/;contact@cardonnel-chauffage.com;contact@cardonnel-chauffage.com;devine;moyenne;;ok
M&N ENERGY;CVC/Thermique;ALFORTVILLE;94140;94;20-49 sal.;https://www.energiedefrance-groupe.com/;contact@energiedefrance-groupe.com;contact@energiedefrance-groupe.com;devine;moyenne;;ok
ACMA;Menuiserie bois;CHOISY-LE-ROI;94600;94;10-19 sal.;http://acma-technal.fr/;contact@acma-technal.fr;contact@acma-technal.fr;devine;moyenne;;ok
GUINIER CONSTRUCTION;Menuiserie bois;ALFORTVILLE;94140;94;20-49 sal.;http://spinnaker-guinier.com/category/contact/;contact@spinnaker-guinier.com;contact@spinnaker-guinier.com;devine;moyenne;;ok
AOBC AMENAGEMENT ORGANISATION DE BUREAUX CLOISON;Menuiserie métallique;LE PLESSIS-TREVISE;94420;94;10-19 sal.;;contact@aobcloisons.com;contact@aobcloisons.com;devine;moyenne;site;ok
P.S.C.I.;Menuiserie métallique;FONTENAY-SOUS-BOIS;94120;94;10-19 sal.;https://www.pcsi.fr/;contact@pcsi.fr;contact@pcsi.fr;devine;moyenne;;ok
I D F PEINTURES;Peinture;ALFORTVILLE;94140;94;10-19 sal.;https://www.welinkbuilders.fr/artisan-tout-corps-d-etat/94140-alfortville-france/idf-decorations-88;contact@welinkbuilders.fr;contact@welinkbuilders.fr;devine;moyenne;;ok
URBAN ENVIRONNEMENT;Peinture;THIAIS;94320;94;20-49 sal.;https://urban-environnement.fr/;contact@urban-environnement.fr;contact@urban-environnement.fr;devine;moyenne;;ok
DA SILVA;Peinture;ORMESSON-SUR-MARNE;94490;94;20-49 sal.;https://www.dasilva-maconnerie-94.com/;contact@dasilva-maconnerie-94.com;contact@dasilva-maconnerie-94.com;devine;moyenne;;ok
MIMMO;Peinture;IVRY-SUR-SEINE;94200;94;20-49 sal.;;contact@mimmoravaldeco.fr;contact@mimmoravaldeco.fr;scrape;moyenne;;ok
COMBET;Peinture;SAINT-MAUR-DES-FOSSES;94100;94;20-49 sal.;https://www.combet.fr/;contact@combet.fr;contact@combet.fr;devine;moyenne;;ok
M.B. PEINTURE;Peinture;VILLEJUIF;94800;94;20-49 sal.;;contact@mbpeinture.fr;contact@mbpeinture.fr;devine;moyenne;site;ok
SARL S F E T;Transport fret;ABLON-SUR-SEINE;94480;94;10-19 sal.;;contact@sfet.fr;contact@sfet.fr;devine;moyenne;site;ok
ARES TRANSPORT;Transport fret;CRETEIL;94000;94;10-19 sal.;http://www.ares-services.com/;contact@ares-services.com;contact@ares-services.com;devine;moyenne;;ok
SWLT;Transport fret;RUNGIS;94150;94;10-19 sal.;;stefswlt@gmail.com;stefswlt@gmail.com;scrape;moyenne;;ok
LTB LOCAT TRANSPORTS BENNES;Transport proximité;SAINT-MAUR-DES-FOSSES;94210;94;10-19 sal.;https://www.ltb-bennes.com/;contact@ltb-bennes.com;contact@ltb-bennes.com;devine;moyenne;;ok
LES TRANSPORTS 2T;Transport proximité;LE PERREUX-SUR-MARNE;94170;94;10-19 sal.;https://2tservices.fr/;contact@2tservices.fr;contact@2tservices.fr;devine;moyenne;;ok
COURSES AND CO;Transport proximité;PERIGNY;94520;94;10-19 sal.;https://www.ofcoursetransport.fr/;contact@ofcoursetransport.fr;contact@ofcoursetransport.fr;devine;moyenne;;ok
MENDES ELECTRICITE;Électricité;PARIS;75011;75;20-49 sal.;;mendes@mendes-elec.fr;mendes@mendes-elec.fr;scrape;nulle-sansMX;inactive 2024;absent
SKY RENOV;Plomberie;PARIS;75002;75;10-19 sal.;https://alinerenov25.wixsite.com/blog;contact@alinerenov25.wixsite.com;contact@alinerenov25.wixsite.com;devine;nulle-sansMX;;absent
NEFIS;Plomberie;PARIS;75020;75;10-19 sal.;;contact@nefisparis.fr;contact@nefisparis.fr;scrape;nulle-sansMX;;absent
ENTREPRISE CHARLES PEREIRA;Plomberie;PARIS;75015;75;20-49 sal.;;contact@entreprise-charles-pereira.fr;contact@entreprise-charles-pereira.fr;devine;nulle-sansMX;site;absent
NOTRE DAME DECORATION CUISINES;Menuiserie bois;PARIS;75016;75;10-19 sal.;;contact@siematicparis-notredamedecoration.com;contact@siematicparis-notredamedecoration.com;devine;nulle-sansMX;site;absent
S P F;Menuiserie métallique;PARIS;75020;75;10-19 sal.;http://www2.impots.gouv.fr/contacts/spf/index.htm;contact@www2.impots.gouv.fr;contact@www2.impots.gouv.fr;devine;nulle-sansMX;;absent
MW SERVICES;Peinture;VITRY-SUR-SEINE;94400;75;10-19 sal.;;contact@mwservices-btp.com;contact@mwservices-btp.com;devine;nulle-sansMX;site mwservices-btp.com;absent
TOURRET SAS;Peinture;PARIS;75008;75;10-19 sal.;http://www.tourret-sa.fr/;contact@tourret-sa.fr;contact@tourret-sa.fr;devine;nulle-sansMX;;absent
LES PEINTRES FRANCILIENS;Peinture;PARIS;75014;75;10-19 sal.;https://parquet-massif-rysstouraine.fr/;contact@parquet-massif-rysstouraine.fr;contact@parquet-massif-rysstouraine.fr;devine;nulle-sansMX;;absent
ENTREPRISE DE PEINTURE JEAN LETUVE;Peinture;PARIS;75017;75;20-49 sal.;https://parquet-massif-rysstouraine.fr/;contact@parquet-massif-rysstouraine.fr;contact@parquet-massif-rysstouraine.fr;devine;nulle-sansMX;;absent
FLUTRANS INTERNATIONAL;Transport fret;RUNGIS;94150;75;10-19 sal.;https://flutrans.eu/;contact@flutrans.eu;contact@flutrans.eu;devine;nulle-sansMX;;absent
BORNES JPL;Électricité;ASNIERES-SUR-SEINE;92600;78;20-49 sal.;http://www.bornesjpl.com/;contact@bornesjpl.com;contact@bornesjpl.com;devine;nulle-sansMX;;absent
75FIBRE.COM;Électricité;MANTES-LA-VILLE;78711;78;20-49 sal.;;contact@75fibre.com;contact@75fibre.com;devine;nulle-sansMX;nom=domaine;absent
ENTREPRISE GUY ARTUS;Plomberie;CHATOU;78400;78;10-19 sal.;http://www.guy-artus.fr/;contact@guy-artus.fr;contact@guy-artus.fr;devine;nulle-sansMX;;absent
LIK PLOMBERIE;Plomberie;TRIEL-SUR-SEINE;78510;78;10-19 sal.;https://annuaire-entreprises.data.gouv.fr/entreprise/lik-plomberie-808893200;contact@annuaire-entreprises.data.gouv.fr;contact@annuaire-entreprises.data.gouv.fr;devine;nulle-sansMX;;absent
ARIES;CVC/Thermique;GUYANCOURT;78280;78;10-19 sal.;https://implantations.gsf.fr/349-gsf-aries-saint-quentin?utm_source=gmb;contact@implantations.gsf.fr;contact@implantations.gsf.fr;devine;nulle-sansMX;;absent
GEMAD GAMBAIS  EBENISTERIE ART DECO;Menuiserie bois;HOUDAN;78550;78;10-19 sal.;;contact@menuiseriesgemad.com;contact@menuiseriesgemad.com;devine;nulle-sansMX;site;absent
MENUISERIE GEPPETTO;Menuiserie bois;BAILLY;78870;78;10-19 sal.;;contact@menuiserie-geppetto.com;contact@menuiserie-geppetto.com;devine;nulle-sansMX;site;absent
SAS RENOUX BOURCIER;Menuiserie bois;CARRIERES-SOUS-POISSY;78955;78;20-49 sal.;;contact@menuiserieuniparquet.fr;contact@menuiserieuniparquet.fr;devine;nulle-sansMX;site;absent
CANOPY;Menuiserie métallique;GARANCIERES;78890;78;10-19 sal.;http://sa.canopy.pagesperso-orange.fr/pages/pageaccueilsite.html;contact@sa.canopy.pagesperso-orange.fr;contact@sa.canopy.pagesperso-orange.fr;devine;nulle-sansMX;;absent
LME TRANSPORT;Transport fret;CONFLANS-SAINTE-HONORINE;78700;78;10-19 sal.;https://trans-dem.fr/;contact@trans-dem.fr;contact@trans-dem.fr;devine;nulle-sansMX;;absent
FLASH 2 TRANSPORTS;Transport fret;COIGNIERES;78310;78;10-19 sal.;;contact@flash2transports.com;contact@flash2transports.com;devine;nulle-sansMX;site;absent
ANNE&LY-TRANS;Transport fret;PLAISIR;78370;78;20-49 sal.;http://www.annelytrans.fr/;contact@annelytrans.fr;contact@annelytrans.fr;devine;nulle-sansMX;;absent
GENIFIBRES;Électricité;VILLENEUVE-LA-GARENNE;92390;92;10-19 sal.;https://genifibres.com/;contact@genifibres.com;contact@genifibres.com;devine;nulle-sansMX;;absent
M.B.I;Électricité;MEUDON;92190;92;10-19 sal.;https://www.installation-electrique-informatique.fr/;contact@installation-electrique-informatique.fr;contact@installation-electrique-informatique.fr;devine;nulle-sansMX;;absent
TECHNIC PRO;Plomberie;CLICHY;92110;92;10-19 sal.;https://technicpronanterre.wixsite.com/website;contact@technicpronanterre.wixsite.com;contact@technicpronanterre.wixsite.com;devine;nulle-sansMX;;absent
ETABLISSEMENTS MERIL;Plomberie;CLICHY;92110;92;10-19 sal.;https://www.meril-etablissements-paris.fr/?utm_source=google&utm_medium=organic&utm_campaign=gbp&utm_content=profile_meril;contact@meril-etablissements-paris.fr;contact@meril-etablissements-paris.fr;devine;nulle-sansMX;;absent
BDN PLOMBERIE;Plomberie;BAGNEUX;92220;92;10-19 sal.;https://annuaire-entreprises.data.gouv.fr/entreprise/bdn-plomberie-bdn-plomberie-917780546;contact@annuaire-entreprises.data.gouv.fr;contact@annuaire-entreprises.data.gouv.fr;devine;nulle-sansMX;;absent
CLIMATIS;CVC/Thermique;NANTERRE;92000;92;10-19 sal.;http://climatis92.fr/;contact@climatis92.fr;contact@climatis92.fr;devine;nulle-sansMX;;absent
MORTIER SARL;Menuiserie bois;BOULOGNE-BILLANCOURT;92100;92;10-19 sal.;http://sarlmortier.fr/;contact@sarlmortier.fr;contact@sarlmortier.fr;devine;nulle-sansMX;;absent
ATELIER DE METALLERIE DEU ET FORGENEUF;Menuiserie métallique;VANVES;92170;92;10-19 sal.;https://www.amdf-technal.fr/;contact@amdf-technal.fr;contact@amdf-technal.fr;devine;nulle-sansMX;;absent
BEYNAT FERMETURES;Menuiserie métallique;NANTERRE;92000;92;10-19 sal.;https://nanterre.ouvertures.com/?utm_campaign=GMB_nanterre&utm_medium=organic&utm_source=GMB;contact@nanterre.ouvertures.com;contact@nanterre.ouvertures.com;devine;nulle-sansMX;;absent
SGB;Peinture;ASNIERES-SUR-SEINE;92600;92;10-19 sal.;https://agences.sg.fr/banque-assurance/particulier/agence-asnieres-gare-id3000303710;contact@agences.sg.fr;contact@agences.sg.fr;devine;nulle-sansMX;;absent
JED-DIS TRANSPORT;Transport fret;ANTONY;92160;92;10-19 sal.;https://trouverungarage.technicar-services.fr/ile-de-france/hauts-de-seine/antony/jed-dis-transport-a-antony-72;contact@trouverungarage.technicar-services.fr;contact@trouverungarage.technicar-services.fr;devine;nulle-sansMX;;absent
GOURAYA TRANSPORTS DEMENAGEMENTS INTERNATIONAL;Transport fret;ANTONY;92160;92;10-19 sal.;https://www.gouraya-demenagement.fr/;contact@gouraya-demenagement.fr;contact@gouraya-demenagement.fr;devine;nulle-sansMX;;absent
JADE TRANSPORTS;Transport proximité;ANTONY;92160;92;10-19 sal.;http://www.jadetransport.nl/;contact@jadetransport.nl;contact@jadetransport.nl;devine;nulle-sansMX;;absent
EMIS'R;Transport proximité;SURESNES;92150;92;10-19 sal.;https://locator.totalenergies.com/NF042036?type=FUELING&business_type=RETAIL&utm_source=google&utm_medium=organic&utm_campaign=mybusiness-website;contact@locator.totalenergies.com;contact@locator.totalenergies.com;devine;nulle-sansMX;;absent
S.D.I EXPRESS;Transport proximité;GENNEVILLIERS;92230;92;20-49 sal.;;contact@sdiexpress.fr;contact@sdiexpress.fr;devine;nulle-sansMX;site;absent
THEILLAUD ROFFI;Électricité;ALFORTVILLE;94140;94;10-19 sal.;https://theillaud-roffi.com/;contact@theillaud-roffi.com;contact@theillaud-roffi.com;devine;nulle-sansMX;;absent
ENR PRO;CVC/Thermique;NOGENT-SUR-MARNE;94130;94;20-49 sal.;http://www.enr-pro.fr/;contact@enr-pro.fr;contact@enr-pro.fr;devine;nulle-sansMX;;absent
IMPACTO LINEAR BAT;Menuiserie bois;SAINT-MAUR-DES-FOSSES;94100;94;10-19 sal.;;contact@impactolinear.fr;contact@impactolinear.fr;devine;nulle-sansMX;site;absent
OPC MENUISERIE;Menuiserie bois;RICHEBOURG;78550;94;10-19 sal.;http://www.pose2baies.fr/;contact@pose2baies.fr;contact@pose2baies.fr;devine;nulle-sansMX;;absent
ENTREPRISE VIGIER SA;Menuiserie bois;CHAMPIGNY-SUR-MARNE;94500;94;10-19 sal.;http://www.menuiserie-vigier.fr/;contact@menuiserie-vigier.fr;contact@menuiserie-vigier.fr;devine;nulle-sansMX;;absent
SOCIETE GENERALE DE BATIMENT DE RAVALEMENT ET DE NETTOYAGE;Peinture;FONTENAY-SOUS-BOIS;94120;94;10-19 sal.;;contact@sgbrn.fr;contact@sgbrn.fr;devine;nulle-sansMX;site;absent
LA SOCIETE DES REVETEMENTS ET PEINTURE;Peinture;FONTENAY-SOUS-BOIS;94120;94;20-49 sal.;;contact@groupe-lsrp.com;contact@groupe-lsrp.com;devine;nulle-sansMX;site;absent
MAISON DUREAU;Peinture;IVRY-SUR-SEINE;94200;94;20-49 sal.;https://magasin.theodoremaisondepeinture.fr/51-theodore-maison-de-peinture-super-peinture-ivry-sur-seine?utm_source=gmb;contact@magasin.theodoremaisondepeinture.fr;contact@magasin.theodoremaisondepeinture.fr;devine;nulle-sansMX;;absent
AGA SERVICES;Transport proximité;CRETEIL;94000;94;10-19 sal.;;contact@aga-services.com;contact@aga-services.com;devine;nulle-sansMX;site;absent
BORNES JPL;Électricité;ASNIERES-SUR-SEINE;92600;78;20-49 sal.;http://www.bornesjpl.com/;contact@bornesjpl.com;contact@bornesjpl.com;devine;nulle-sansMX;;absent
75FIBRE.COM;Électricité;MANTES-LA-VILLE;78711;78;20-49 sal.;;contact@75fibre.com;contact@75fibre.com;devine;nulle-sansMX;nom=domaine;absent
ENTREPRISE GUY ARTUS;Plomberie;CHATOU;78400;78;10-19 sal.;http://www.guy-artus.fr/;contact@guy-artus.fr;contact@guy-artus.fr;devine;nulle-sansMX;;absent
LIK PLOMBERIE;Plomberie;TRIEL-SUR-SEINE;78510;78;10-19 sal.;https://annuaire-entreprises.data.gouv.fr/entreprise/lik-plomberie-808893200;contact@annuaire-entreprises.data.gouv.fr;contact@annuaire-entreprises.data.gouv.fr;devine;nulle-sansMX;;absent
ARIES;CVC/Thermique;GUYANCOURT;78280;78;10-19 sal.;https://implantations.gsf.fr/349-gsf-aries-saint-quentin?utm_source=gmb;contact@implantations.gsf.fr;contact@implantations.gsf.fr;devine;nulle-sansMX;;absent
GEMAD GAMBAIS  EBENISTERIE ART DECO;Menuiserie bois;HOUDAN;78550;78;10-19 sal.;;contact@menuiseriesgemad.com;contact@menuiseriesgemad.com;devine;nulle-sansMX;site;absent
MENUISERIE GEPPETTO;Menuiserie bois;BAILLY;78870;78;10-19 sal.;;contact@menuiserie-geppetto.com;contact@menuiserie-geppetto.com;devine;nulle-sansMX;site;absent
SAS RENOUX BOURCIER;Menuiserie bois;CARRIERES-SOUS-POISSY;78955;78;20-49 sal.;;contact@menuiserieuniparquet.fr;contact@menuiserieuniparquet.fr;devine;nulle-sansMX;site;absent
CANOPY;Menuiserie métallique;GARANCIERES;78890;78;10-19 sal.;http://sa.canopy.pagesperso-orange.fr/pages/pageaccueilsite.html;contact@sa.canopy.pagesperso-orange.fr;contact@sa.canopy.pagesperso-orange.fr;devine;nulle-sansMX;;absent
LME TRANSPORT;Transport fret;CONFLANS-SAINTE-HONORINE;78700;78;10-19 sal.;https://trans-dem.fr/;contact@trans-dem.fr;contact@trans-dem.fr;devine;nulle-sansMX;;absent
FLASH 2 TRANSPORTS;Transport fret;COIGNIERES;78310;78;10-19 sal.;;contact@flash2transports.com;contact@flash2transports.com;devine;nulle-sansMX;site;absent
ANNE&LY-TRANS;Transport fret;PLAISIR;78370;78;20-49 sal.;http://www.annelytrans.fr/;contact@annelytrans.fr;contact@annelytrans.fr;devine;nulle-sansMX;;absent
AB EXPRESS;Transport proximité;IVRY-SUR-SEINE;94200;78;10-19 sal.;http://www.ab-transports-express.com/;contact@ab-transports-express.com;contact@ab-transports-express.com;devine;nulle-sansMX;;absent
GENIFIBRES;Électricité;VILLENEUVE-LA-GARENNE;92390;92;10-19 sal.;https://genifibres.com/;contact@genifibres.com;contact@genifibres.com;devine;nulle-sansMX;;absent
M.B.I;Électricité;MEUDON;92190;92;10-19 sal.;https://www.installation-electrique-informatique.fr/;contact@installation-electrique-informatique.fr;contact@installation-electrique-informatique.fr;devine;nulle-sansMX;;absent
TECHNIC PRO;Plomberie;CLICHY;92110;92;10-19 sal.;https://technicpronanterre.wixsite.com/website;contact@technicpronanterre.wixsite.com;contact@technicpronanterre.wixsite.com;devine;nulle-sansMX;;absent
ETABLISSEMENTS MERIL;Plomberie;CLICHY;92110;92;10-19 sal.;https://www.meril-etablissements-paris.fr/?utm_source=google&utm_medium=organic&utm_campaign=gbp&utm_content=profile_meril;contact@meril-etablissements-paris.fr;contact@meril-etablissements-paris.fr;devine;nulle-sansMX;;absent
BDN PLOMBERIE;Plomberie;BAGNEUX;92220;92;10-19 sal.;https://annuaire-entreprises.data.gouv.fr/entreprise/bdn-plomberie-bdn-plomberie-917780546;contact@annuaire-entreprises.data.gouv.fr;contact@annuaire-entreprises.data.gouv.fr;devine;nulle-sansMX;;absent
CLIMATIS;CVC/Thermique;NANTERRE;92000;92;10-19 sal.;http://climatis92.fr/;contact@climatis92.fr;contact@climatis92.fr;devine;nulle-sansMX;;absent
MORTIER SARL;Menuiserie bois;BOULOGNE-BILLANCOURT;92100;92;10-19 sal.;http://sarlmortier.fr/;contact@sarlmortier.fr;contact@sarlmortier.fr;devine;nulle-sansMX;;absent
ATELIER DE METALLERIE DEU ET FORGENEUF;Menuiserie métallique;VANVES;92170;92;10-19 sal.;https://www.amdf-technal.fr/;contact@amdf-technal.fr;contact@amdf-technal.fr;devine;nulle-sansMX;;absent
BEYNAT FERMETURES;Menuiserie métallique;NANTERRE;92000;92;10-19 sal.;https://nanterre.ouvertures.com/?utm_campaign=GMB_nanterre&utm_medium=organic&utm_source=GMB;contact@nanterre.ouvertures.com;contact@nanterre.ouvertures.com;devine;nulle-sansMX;;absent
SGB;Peinture;ASNIERES-SUR-SEINE;92600;92;10-19 sal.;https://agences.sg.fr/banque-assurance/particulier/agence-asnieres-gare-id3000303710;contact@agences.sg.fr;contact@agences.sg.fr;devine;nulle-sansMX;;absent
JED-DIS TRANSPORT;Transport fret;ANTONY;92160;92;10-19 sal.;https://trouverungarage.technicar-services.fr/ile-de-france/hauts-de-seine/antony/jed-dis-transport-a-antony-72;contact@trouverungarage.technicar-services.fr;contact@trouverungarage.technicar-services.fr;devine;nulle-sansMX;;absent
GOURAYA TRANSPORTS DEMENAGEMENTS INTERNATIONAL;Transport fret;ANTONY;92160;92;10-19 sal.;https://www.gouraya-demenagement.fr/;contact@gouraya-demenagement.fr;contact@gouraya-demenagement.fr;devine;nulle-sansMX;;absent
JADE TRANSPORTS;Transport proximité;ANTONY;92160;92;10-19 sal.;http://www.jadetransport.nl/;contact@jadetransport.nl;contact@jadetransport.nl;devine;nulle-sansMX;;absent
EMIS'R;Transport proximité;SURESNES;92150;92;10-19 sal.;https://locator.totalenergies.com/NF042036?type=FUELING&business_type=RETAIL&utm_source=google&utm_medium=organic&utm_campaign=mybusiness-website;contact@locator.totalenergies.com;contact@locator.totalenergies.com;devine;nulle-sansMX;;absent
S.D.I EXPRESS;Transport proximité;GENNEVILLIERS;92230;92;20-49 sal.;;contact@sdiexpress.fr;contact@sdiexpress.fr;devine;nulle-sansMX;site;absent
THEILLAUD ROFFI;Électricité;ALFORTVILLE;94140;94;10-19 sal.;https://theillaud-roffi.com/;contact@theillaud-roffi.com;contact@theillaud-roffi.com;devine;nulle-sansMX;;absent
ENR PRO;CVC/Thermique;NOGENT-SUR-MARNE;94130;94;20-49 sal.;http://www.enr-pro.fr/;contact@enr-pro.fr;contact@enr-pro.fr;devine;nulle-sansMX;;absent
IMPACTO LINEAR BAT;Menuiserie bois;SAINT-MAUR-DES-FOSSES;94100;94;10-19 sal.;;contact@impactolinear.fr;contact@impactolinear.fr;devine;nulle-sansMX;site;absent
OPC MENUISERIE;Menuiserie bois;RICHEBOURG;78550;94;10-19 sal.;http://www.pose2baies.fr/;contact@pose2baies.fr;contact@pose2baies.fr;devine;nulle-sansMX;;absent
ENTREPRISE VIGIER SA;Menuiserie bois;CHAMPIGNY-SUR-MARNE;94500;94;10-19 sal.;http://www.menuiserie-vigier.fr/;contact@menuiserie-vigier.fr;contact@menuiserie-vigier.fr;devine;nulle-sansMX;;absent
SOCIETE GENERALE DE BATIMENT DE RAVALEMENT ET DE NETTOYAGE;Peinture;FONTENAY-SOUS-BOIS;94120;94;10-19 sal.;;contact@sgbrn.fr;contact@sgbrn.fr;devine;nulle-sansMX;site;absent
LA SOCIETE DES REVETEMENTS ET PEINTURE;Peinture;FONTENAY-SOUS-BOIS;94120;94;20-49 sal.;;contact@groupe-lsrp.com;contact@groupe-lsrp.com;devine;nulle-sansMX;site;absent
MAISON DUREAU;Peinture;IVRY-SUR-SEINE;94200;94;20-49 sal.;https://magasin.theodoremaisondepeinture.fr/51-theodore-maison-de-peinture-super-peinture-ivry-sur-seine?utm_source=gmb;contact@magasin.theodoremaisondepeinture.fr;contact@magasin.theodoremaisondepeinture.fr;devine;nulle-sansMX;;absent
AGA SERVICES;Transport proximité;CRETEIL;94000;94;10-19 sal.;;contact@aga-services.com;contact@aga-services.com;devine;nulle-sansMX;site;absent
MAISON SOLAIRE VOLTALIA;Électricité;PARIS;75003;75;10-19 sal.;http://www.voltalia.com/;;;;morte;liquidation 2026;
FUTUR ENVIRONNEMENT;CVC/Thermique;PARIS;75019;75;10-19 sal.;;;;;morte;inactive 2025;
CONCEPT BOIS;Menuiserie bois;PARIS;75010;75;20-49 sal.;;;;;morte;liquidation 2025;
TRANSPORTS DEVILLARD;Transport fret;PARIS;75019;75;10-19 sal.;;;;;morte;liquidation 2024;
SAS NFH TRANSPORTS;Transport fret;PARIS;75008;75;20-49 sal.;;;;;morte;liquidation 2026;
WETRUCK;Transport fret;PARIS;75015;75;20-49 sal.;;;;;morte;liquidation;
K-EXPRESS;Transport proximité;PARIS;75019;75;20-49 sal.;;;;;morte;liquidation 2024;
TRANS BIO;Transport proximité;PARIS;75014;75;20-49 sal.;;;;;morte;liquidation 2024;
GINTAQUA;Plomberie;TRAPPES;78190;78;10-19 sal.;;;;;morte;liquidation 2026;
SEGOTEC;CVC/Thermique;VERNOUILLET;78540;78;10-19 sal.;;;;;morte;liquidation 2025;
ETABLISSEMENTS A. SIMON;Peinture;CONFLANS-SAINTE-HONORINE;78700;78;10-19 sal.;;;;;morte;redressement 2026;
TRANS PRESSE 78;Transport proximité;LE PERRAY-EN-YVELINES;78610;78;10-19 sal.;;;;;morte;redressement 2025;
TRANSIPACQ;Transport proximité;MAUREPAS;78310;78;10-19 sal.;;;;;morte;liquidation 2024;
CS LOGISTIQUE;Transport fret;RUEIL-MALMAISON;92500;92;10-19 sal.;;;;;morte;liquidation 2026;
MAVOUNA LOGISTIC SASU;Transport proximité;ASNIERES-SUR-SEINE;92600;92;20-49 sal.;;;;;morte;liquidation 2024;
L T M 3;Transport proximité;GENNEVILLIERS;92230;92;20-49 sal.;;;;;morte;liquidation 2025;
TCP TRAVAUX CHAUFFAGE PLOMBERIE;Plomberie;LE PERREUX-SUR-MARNE;94170;94;20-49 sal.;;;;;morte;inactive 2025;
SCPL TUYAUTERIE;CVC/Thermique;VILLENEUVE-LE-ROI;94290;94;20-49 sal.;;;;;morte;liquidation 2024;
SAS ANTHEMIS;Peinture;CRETEIL;94000;94;10-19 sal.;;;;;morte;inactive 2024;
VICTOR;Peinture;LE PERREUX-SUR-MARNE;94170;94;10-19 sal.;;;;;morte;liquidation 2025;
PARMEGGIANI SAS;Transport fret;LIMEIL-BREVANNES;94450;94;20-49 sal.;;;;;morte;liquidation 2024;
GROUPEMENT DES TRANSPORTS DUBOIS;Transport proximité;VITRY-SUR-SEINE;94400;94;20-49 sal.;;;;;morte;liquidation 2025;
TRANS EXCELLENCE;Transport proximité;ORLY;94310;94;20-49 sal.;;;;;morte;liquidation 2024;
GINTAQUA;Plomberie;TRAPPES;78190;78;10-19 sal.;;;;;morte;liquidation 2026;
SEGOTEC;CVC/Thermique;VERNOUILLET;78540;78;10-19 sal.;;;;;morte;liquidation 2025;
ETABLISSEMENTS A. SIMON;Peinture;CONFLANS-SAINTE-HONORINE;78700;78;10-19 sal.;;;;;morte;redressement 2026;
TRANS PRESSE 78;Transport proximité;LE PERRAY-EN-YVELINES;78610;78;10-19 sal.;;;;;morte;redressement 2025;
TRANSIPACQ;Transport proximité;MAUREPAS;78310;78;10-19 sal.;;;;;morte;liquidation 2024;
CS LOGISTIQUE;Transport fret;RUEIL-MALMAISON;92500;92;10-19 sal.;;;;;morte;liquidation 2026;
L T M 3;Transport proximité;GENNEVILLIERS;92230;92;20-49 sal.;;;;;morte;liquidation 2025;
TCP TRAVAUX CHAUFFAGE PLOMBERIE;Plomberie;LE PERREUX-SUR-MARNE;94170;94;20-49 sal.;;;;;morte;inactive 2025;
SCPL TUYAUTERIE;CVC/Thermique;VILLENEUVE-LE-ROI;94290;94;20-49 sal.;;;;;morte;liquidation 2024;
SAS ANTHEMIS;Peinture;CRETEIL;94000;94;10-19 sal.;;;;;morte;inactive 2024;
VICTOR;Peinture;LE PERREUX-SUR-MARNE;94170;94;10-19 sal.;;;;;morte;liquidation 2025;
PARMEGGIANI SAS;Transport fret;LIMEIL-BREVANNES;94450;94;20-49 sal.;;;;;morte;liquidation 2024;
GROUPEMENT DES TRANSPORTS DUBOIS;Transport proximité;VITRY-SUR-SEINE;94400;94;20-49 sal.;;;;;morte;liquidation 2025;
TRANS EXCELLENCE;Transport proximité;ORLY;94310;94;20-49 sal.;;;;;morte;liquidation 2024;
TK TRANSPORT;Transport proximité;VITRY-SUR-SEINE;94400;94;20-49 sal.;;;;;non-teste;quota WebSearch;
TRANSPORTS FLAM SERVICES EXPRESS;Transport proximité;CHENNEVIERES-SUR-MARNE;94430;94;20-49 sal.;;;;;non-teste;quota WebSearch;
A T H TRANSPORT;Transport fret;AUBERGENVILLE;78410;78;10-19 sal.;;;;;non-teste;quota WebSearch;
TRANS CHABOUR;Transport fret;ORLY;94310;94;10-19 sal.;;;;;non-teste;quota WebSearch;
TK TRANSPORT;Transport proximité;VITRY-SUR-SEINE;94400;94;20-49 sal.;;;;;non-teste;quota WebSearch;
TRANSPORTS FLAM SERVICES EXPRESS;Transport proximité;CHENNEVIERES-SUR-MARNE;94430;94;20-49 sal.;;;;;non-teste;quota WebSearch;
VIRSEDA PERE ET FILS;Électricité;PARIS;75020;75;10-19 sal.;;;;;vide;;
CLIPE;Électricité;ORLY;94310;75;10-19 sal.;;;;;vide;;
MD-TECH;Électricité;PARIS;75001;75;20-49 sal.;http://www.md-tech.pro/;;;;vide;;
ETABLISSEMENT LUCIEN;Plomberie;PARIS;75010;75;10-19 sal.;;;;;vide;;
AVS DUMONT;Plomberie;PARIS 11;75011;75;10-19 sal.;;;;;vide;;
ANCIENS ETABLISSEMENTS KUSCHNICK;Plomberie;PARIS;75011;75;10-19 sal.;;;;;vide;;
S PETIT;Plomberie;PARIS;75014;75;10-19 sal.;;;;;vide;;
ETCD;Plomberie;PARIS;75008;75;20-49 sal.;https://www.etcconnect.com/;;;;vide;site faux;
SANIMAX;Plomberie;PARIS;75020;75;20-49 sal.;;;;;vide;;
ATELIER DU BATIMENT;CVC/Thermique;PARIS;75019;75;20-49 sal.;;;;;vide;;
IMMODESIGN AGENCEMENT;Menuiserie bois;COURBEVOIE;92400;75;10-19 sal.;;;;;vide;;
OUEST HPA;Menuiserie bois;PARIS;75019;75;10-19 sal.;;;;;vide;;
IBERICA;Menuiserie bois;PARIS;75014;75;10-19 sal.;;;;;vide;;
SEDIB;Menuiserie bois;ANTONY;92160;75;20-49 sal.;;;;;vide;;
FRANCE BARDAGE;Menuiserie bois;PARIS;75018;75;20-49 sal.;https://www.atmosphere-bois.com/europe/fr/;;;;vide;;
T.M.N.S.;Menuiserie métallique;PARIS;75018;75;10-19 sal.;https://www.tms-e.co.jp/global/;;;;vide;;
SNP ALU;Menuiserie métallique;PARIS;75008;75;10-19 sal.;;;;;vide;;
ANB;Menuiserie métallique;PARIS;75009;75;10-19 sal.;;;;;vide;;
SIMEON FRANCE;Menuiserie métallique;PARIS;75001;75;10-19 sal.;;;;;vide;;
SUDPLUS;Menuiserie métallique;PARIS;75014;75;20-49 sal.;;;;;vide;;
FRAPOSE;Menuiserie métallique;PARIS;75016;75;20-49 sal.;;;;;vide;;
AL WARDA;Peinture;PARIS;75016;75;10-19 sal.;;;;;vide;;
IMZ;Peinture;PARIS;75014;75;20-49 sal.;;;;;vide;;
LES PEINTURES PARISIENNES;Peinture;COURBEVOIE;92400;75;20-49 sal.;;;;;vide;;
SM TRANSPORT;Transport fret;PARIS;75020;75;10-19 sal.;;;;;vide;;
ALPHA TRANS;Transport fret;GENNEVILLIERS;92230;75;10-19 sal.;;;;;vide;;
SENFRET;Transport fret;PARIS;75013;75;10-19 sal.;;;;;vide;;
RANGER SERVICES;Transport fret;PARIS;75008;75;10-19 sal.;;;;;vide;;
FEMPERIAL;Transport fret;PARIS;75020;75;10-19 sal.;;;;;vide;;
ANA TRANSPORT;Transport fret;BAGNEUX;92220;75;10-19 sal.;;;;;vide;;
LYCOS;Transport fret;PARIS;75008;75;20-49 sal.;;;;;vide;;
TRANS HARI;Transport fret;PARIS;75013;75;20-49 sal.;;;;;vide;;
ACCORD TRANSPORT;Transport fret;CHEVILLY-LARUE;94550;75;20-49 sal.;;;;;vide;;
RZ TRANSPORT;Transport fret;PARIS;75011;75;20-49 sal.;;;;;vide;;
RTP;Transport proximité;JOINVILLE-LE-PONT;94340;75;10-19 sal.;;;;;vide;;
TDM SAS;Transport proximité;PARIS;75012;75;10-19 sal.;;;;;vide;;
COLOMBE SERVICES EXPRESS;Transport proximité;PARIS;75012;75;10-19 sal.;;;;;vide;;
CPE TRANSPORTS;Transport proximité;IVRY-SUR-SEINE;94200;75;10-19 sal.;;;;;vide;;
TRANSPORTS EXPRESS ALAMI;Transport proximité;PARIS;75013;75;10-19 sal.;;;;;vide;;
BMS TRANSPORT;Transport proximité;PARIS;75020;75;10-19 sal.;;;;;vide;;
D.T.E - DECLIC TRANSPORTS EXPRESS;Transport proximité;GENTILLY;94250;75;20-49 sal.;;;;;vide;;
C.L.S;Transport proximité;PARIS;75010;75;20-49 sal.;;;;;vide;;
SOCIETE D'EUROPE;Finition BTP;PARIS;75010;75;20-49 sal.;;;;;vide;;
HYBRIDE CONSTRUCTION;Électricité;HARDRICOURT;78250;78;10-19 sal.;;;;;vide;;
ENTREPRISE D ELECTRICITE BATIMENT;Électricité;SARTROUVILLE;78500;78;10-19 sal.;;;;;vide;;
ELECTRICITE GENERALE PELLOUARD;Électricité;TRAPPES;78190;78;10-19 sal.;;;;;vide;;
SDEL ELEXA;Électricité;RUEIL-MALMAISON;92500;78;20-49 sal.;;;;;vide;groupe;
B&R RENOVATION;Plomberie;ELANCOURT;78990;78;10-19 sal.;;;;;vide;;
RETBI VENTILATION PLOMBERIE;Plomberie;SARTROUVILLE;78500;78;10-19 sal.;;;;;vide;;
CHAUFFAGE CLIMATISATION VENTILATION PLOMBERIE;Plomberie;GUERVILLE;78930;78;20-49 sal.;;;;;vide;;
ALMAIS;CVC/Thermique;VELIZY-VILLACOUBLAY;78140;78;10-19 sal.;;;;;vide;;
ELECTROFLUID;CVC/Thermique;ORGEVAL;78630;78;10-19 sal.;;;;;vide;;
VALE SARL;CVC/Thermique;SAINT-CYR-L'ECOLE;78210;78;20-49 sal.;;;;;vide;;
SOCIETE JOHNNY BLAISE;CVC/Thermique;LES MUREAUX;78130;78;20-49 sal.;;;;;vide;;
SOC MEDEC MENUISERIE EBENIST;Menuiserie bois;SARTROUVILLE;78500;78;20-49 sal.;;;;;vide;;
POSE AVENIR;Menuiserie bois;CARRIERES-SUR-SEINE;78420;78;20-49 sal.;;;;;vide;;
LES ATELIERS NORMANDS;Menuiserie métallique;ECQUEVILLY;78920;78;10-19 sal.;;;;;vide;;
OCM EXPLOITATION;Menuiserie métallique;FEUCHEROLLES;78810;78;10-19 sal.;;;;;vide;;
AKTYFAIR;Menuiserie métallique;SARTROUVILLE;78500;78;20-49 sal.;;;;;vide;;
EURO 7;Peinture;SAINT-GERMAIN-EN-LAYE;78100;78;10-19 sal.;;;;;vide;;
TDIE;Peinture;LE PERRAY-EN-YVELINES;78610;78;10-19 sal.;;;;;vide;;
FINITION A;Peinture;MONTIGNY-LE-BRETONNEUX;78180;78;10-19 sal.;;;;;vide;;
VISEU PEINTURE;Peinture;MEDAN;78670;78;10-19 sal.;;;;;vide;;
1001 COULEURS;Peinture;LA CELLE-SAINT-CLOUD;78170;78;20-49 sal.;;;;;vide;;
KEMEL TRANSPORT;Transport fret;LE VESINET;78110;78;10-19 sal.;;;;;vide;;
TRANSPORTS DAVRANCHE;Transport fret;SAINT-LEGER-EN-YVELINES;78610;78;10-19 sal.;;;;;vide;;
TRANSPORTS LISOTTI;Transport fret;BENNECOURT;78270;78;10-19 sal.;;;;;vide;;
MESQUITRANS;Transport fret;SARTROUVILLE;78500;78;10-19 sal.;;;;;vide;;
SARL ST CO;Transport fret;SARTROUVILLE;78500;78;10-19 sal.;;;;;vide;;
BM TRANSPORT;Transport fret;VERNEUIL-SUR-SEINE;78480;78;10-19 sal.;;;;;;;
SARL C.K. TRANSPORT;Transport fret;SARTROUVILLE;78500;78;20-49 sal.;;;;;vide;;
THS;Transport fret;CHAVENAY;78450;78;20-49 sal.;;;;;vide;;
BHS TRANSPORTS;Transport fret;VELIZY-VILLACOUBLAY;78140;78;20-49 sal.;;;;;vide;;
EUROS TRANS COLIS;Transport proximité;GARGENVILLE;78440;78;10-19 sal.;;;;;vide;;
TRANSPORTS MICHEL RAMBOUILLET;Transport proximité;RAMBOUILLET;78120;78;10-19 sal.;;;;;vide;;
BNT;Transport proximité;TRAPPES;78190;78;10-19 sal.;;;;;vide;;
CESAR TRANSPORTS;Transport proximité;CARRIERES-SUR-SEINE;78420;78;10-19 sal.;;;;;vide;;
TRAMATER TRANSPORT;Transport proximité;CONFLANS-SAINTE-HONORINE;78700;78;10-19 sal.;;;;;vide;;
MJ TRANSPORT;Transport proximité;LONGNES;78980;78;10-19 sal.;;;;;vide;;
H&F;Transport proximité;MAGNANVILLE;78200;78;10-19 sal.;;;;;vide;;
TRANSPORTS PEREIRA;Transport proximité;LIMAY;78520;78;20-49 sal.;;;;;vide;;
AAA SERVICES;Transport proximité;TRAPPES;78190;78;20-49 sal.;;;;;vide;;
KFS LOGISTICS;Transport proximité;POISSY;78300;78;20-49 sal.;;;;;vide;;
RST BTP;Finition BTP;ACHERES;78260;78;20-49 sal.;;;;;vide;;
FEA TECHNOLOGIE;Électricité;MEUDON;92190;92;10-19 sal.;;;;;vide;;
RDI;Électricité;CLAMART;92140;92;10-19 sal.;;;;;vide;;
SOC INSTALLATION ELECT MECAN;Électricité;SURESNES;92150;92;10-19 sal.;;;;;vide;;
AUTOMATISMES SECURITAIRES FERROVIAIRES;Électricité;ANTONY;92160;92;20-49 sal.;;;;;vide;;
MCE RENOVATION;Plomberie;BOULOGNE-BILLANCOURT;92100;92;10-19 sal.;;;;;vide;;
FRITSCH;Plomberie;LEVALLOIS-PERRET;92300;92;10-19 sal.;;;;;vide;;
P.V.P;Plomberie;GENNEVILLIERS;92230;92;20-49 sal.;;;;;vide;;
ADN CONCEPT;CVC/Thermique;PUTEAUX;92800;92;10-19 sal.;;;;;vide;;
EDILMECCANICA;Menuiserie métallique;COURBEVOIE;92400;92;10-19 sal.;;;;;vide;;
TRAITEMENT INDUSTRIEL DES METAUX;Menuiserie métallique;GENNEVILLIERS;92230;92;20-49 sal.;;;;;vide;;
ENTREPRISE ESTRADE;Menuiserie métallique;VILLENEUVE-LA-GARENNE;92390;92;20-49 sal.;;;;;vide;;
ATALLA;Peinture;MALAKOFF;92240;92;10-19 sal.;;;;;vide;;
3M RAVALEMENT;Peinture;COLOMBES;92700;92;10-19 sal.;;;;;vide;;
MJ MORGADO;Peinture;COLOMBES;92700;92;10-19 sal.;;;;;vide;;
STDM TP;Transport fret;GENNEVILLIERS;92230;92;10-19 sal.;;;;;vide;;
TRANSPORTS KIEFFER SA;Transport fret;GENNEVILLIERS;92230;92;20-49 sal.;;;;;vide;;
NITRO;Transport fret;BOULOGNE-BILLANCOURT;92100;92;20-49 sal.;;;;;vide;;
TRANS SERVICES PLUS;Transport fret;ASNIERES-SUR-SEINE;92600;92;20-49 sal.;;;;;vide;;
MB TRANS;Transport fret;GENNEVILLIERS;92230;92;20-49 sal.;;;;;vide;;
HOLLDING TRANS;Transport fret;GENNEVILLIERS;92230;92;20-49 sal.;;;;;vide;;
DOUBS PRO;Transport fret;NEUILLY-SUR-SEINE;92200;92;20-49 sal.;;;;;vide;;
TRANSPORTS MANI;Transport proximité;ASNIERES-SUR-SEINE;92600;92;10-19 sal.;;;;;vide;;
HFM TRANSPORTS;Transport proximité;ASNIERES-SUR-SEINE;92600;92;10-19 sal.;;;;;vide;;
SDCP TRANS;Transport proximité;SEVRES;92310;92;10-19 sal.;;;;;vide;;
TRANSPORTS CAMPMAS;Transport proximité;GENNEVILLIERS;92230;92;10-19 sal.;;;;;vide;;
PRO GREEN COLIS & CIE;Transport proximité;LEVALLOIS-PERRET;92300;92;20-49 sal.;;;;;vide;;
SARL TRANSPORTS LENA;Transport proximité;GENNEVILLIERS;92230;92;20-49 sal.;;;;;vide;;
BC VERTE TRANSPORTS;Transport proximité;ASNIERES-SUR-SEINE;92600;92;20-49 sal.;;;;;vide;;
R & M LOGISTIC;Transport proximité;NEUILLY-SUR-SEINE;92200;92;20-49 sal.;;;;;vide;;
BCH TRANSPORTS;Transport proximité;LEVALLOIS-PERRET;92300;92;20-49 sal.;;;;;vide;;
TAOUSS BAT;Finition BTP;VILLENEUVE-LA-GARENNE;92390;92;10-19 sal.;;;;;vide;;
PREDIO BAT;Finition BTP;CHOISY-LE-ROI;94600;92;10-19 sal.;;;;;vide;;
SPAGNOLI;Électricité;LE PLESSIS-TREVISE;94420;94;10-19 sal.;;;;;vide;;
TERRANOVA ENERGIE;Électricité;VILLENEUVE-LE-ROI;94290;94;20-49 sal.;;;;;vide;;
T C M;Plomberie;VILLENEUVE-SAINT-GEORGES;94190;94;10-19 sal.;;;;;vide;;
SARL EDM;Plomberie;CHENNEVIERES-SUR-MARNE;94430;94;10-19 sal.;;;;;vide;;
O.C.I BATIMENT;Plomberie;ORLY;94310;94;10-19 sal.;;;;;vide;;
AIR TOLERIE CONCEPTION;Plomberie;LE PLESSIS-TREVISE;94420;94;10-19 sal.;;;;;vide;;
BONNET-ROGEREAU;Plomberie;FONTENAY-SOUS-BOIS;94120;94;20-49 sal.;;;;;vide;;
SOLUTION TECHNIQUE EN GENIE CLIMATIQUE;CVC/Thermique;JOINVILLE-LE-PONT;94340;94;10-19 sal.;;;;;vide;;
TUYAUTERIE SOUDURE CHAUFFAGE;CVC/Thermique;VILLECRESNES;94440;94;10-19 sal.;;;;;vide;;
COGECLIM INDUSTRIE;CVC/Thermique;ALFORTVILLE;94140;94;10-19 sal.;;;;;vide;;
CONCEPT ENERGY;CVC/Thermique;CRETEIL;94000;94;20-49 sal.;;;;;vide;;
ENTREPRISE CERETTI;CVC/Thermique;SUCY-EN-BRIE;94370;94;20-49 sal.;;;;;vide;;
ISOLATIONS CONSEILS;Menuiserie bois;SAINT-MAUR-DES-FOSSES;94100;94;10-19 sal.;;;;;vide;;
SOCIETE D'EXPLOITATION GERARD CAPALDI;Menuiserie métallique;RUNGIS;94150;94;20-49 sal.;;;;;vide;;
ORBIS;Peinture;CHARENTON LE PONT;94220;94;10-19 sal.;;;;;vide;;
HASS PEINTURE;Peinture;LE PLESSIS-TREVISE;94420;94;10-19 sal.;;;;;vide;;
SOC MONTREUILLOISE DE PEINTURE;Peinture;CHAMPIGNY-SUR-MARNE;94500;94;20-49 sal.;;;;;vide;;
ABC TRANSPORT;Transport fret;BONNEUIL-SUR-MARNE;94380;94;10-19 sal.;;;;;vide;;
TRANSPORTS FRIGORIFIQUES ISOTHERMES;Transport fret;CHEVILLY-LARUE;94550;94;10-19 sal.;;;;;vide;;
INATRANS;Transport fret;FONTENAY-SOUS-BOIS;94120;94;10-19 sal.;;;;;vide;;
ABTRANSPORT;Transport fret;VITRY-SUR-SEINE;94400;94;10-19 sal.;;;;;vide;;
MILLE & NIUM EXPRESS;Transport fret;THIAIS;94320;94;10-19 sal.;;;;;vide;;
I.T.D INTERNATIONAL TRANSPORT DOS SANTOS;Transport fret;CHEVILLY-LARUE;94550;94;20-49 sal.;;;;;vide;;
TRANSPORTS SUBTIL;Transport fret;LIMEIL-BREVANNES;94450;94;20-49 sal.;;;;;vide;;
CGA TRANSPORT;Transport fret;VILLECRESNES;94440;94;20-49 sal.;;;;;vide;;
VEIGA TRANSPORTS;Transport fret;VITRY-SUR-SEINE;94400;94;20-49 sal.;;;;;vide;;
TRANSPORTS STURA;Transport fret;MAISONS-ALFORT;94700;94;20-49 sal.;;;;;vide;;
RTT TRANSPORTS;Transport proximité;VINCENNES;94300;94;10-19 sal.;;;;;vide;;
NAJYS;Transport proximité;IVRY-SUR-SEINE;94200;94;10-19 sal.;;;;;vide;;
HYBRIDE CONSTRUCTION;Électricité;HARDRICOURT;78250;78;10-19 sal.;;;;;vide;;
ENTREPRISE D ELECTRICITE BATIMENT;Électricité;SARTROUVILLE;78500;78;10-19 sal.;;;;;vide;;
ELECTRICITE GENERALE PELLOUARD;Électricité;TRAPPES;78190;78;10-19 sal.;;;;;vide;;
SDEL ELEXA;Électricité;RUEIL-MALMAISON;92500;78;20-49 sal.;;;;;vide;groupe;
MSK ENERGIE;Électricité;VERSAILLES;78000;78;20-49 sal.;;;;;vide;;
B&R RENOVATION;Plomberie;ELANCOURT;78990;78;10-19 sal.;;;;;vide;;
RETBI VENTILATION PLOMBERIE;Plomberie;SARTROUVILLE;78500;78;10-19 sal.;;;;;vide;;
CHAUFFAGE CLIMATISATION VENTILATION PLOMBERIE;Plomberie;GUERVILLE;78930;78;20-49 sal.;;;;;vide;;
ELECTROFLUID;CVC/Thermique;ORGEVAL;78630;78;10-19 sal.;;;;;vide;;
VALE SARL;CVC/Thermique;SAINT-CYR-L'ECOLE;78210;78;20-49 sal.;;;;;vide;;
SOCIETE JOHNNY BLAISE;CVC/Thermique;LES MUREAUX;78130;78;20-49 sal.;;;;;vide;;
SOC MEDEC MENUISERIE EBENIST;Menuiserie bois;SARTROUVILLE;78500;78;20-49 sal.;;;;;vide;;
POSE AVENIR;Menuiserie bois;CARRIERES-SUR-SEINE;78420;78;20-49 sal.;;;;;vide;;
LES ATELIERS NORMANDS;Menuiserie métallique;ECQUEVILLY;78920;78;10-19 sal.;;;;;vide;;
OCM EXPLOITATION;Menuiserie métallique;FEUCHEROLLES;78810;78;10-19 sal.;;;;;vide;;
AKTYFAIR;Menuiserie métallique;SARTROUVILLE;78500;78;20-49 sal.;;;;;vide;;
EURO 7;Peinture;SAINT-GERMAIN-EN-LAYE;78100;78;10-19 sal.;;;;;vide;;
TDIE;Peinture;LE PERRAY-EN-YVELINES;78610;78;10-19 sal.;;;;;vide;;
FINITION A;Peinture;MONTIGNY-LE-BRETONNEUX;78180;78;10-19 sal.;;;;;vide;;
VISEU PEINTURE;Peinture;MEDAN;78670;78;10-19 sal.;;;;;vide;;
REMNOVAH;Peinture;PARIS;75010;78;10-19 sal.;;;;;vide;;
1001 COULEURS;Peinture;LA CELLE-SAINT-CLOUD;78170;78;20-49 sal.;;;;;vide;;
KEMEL TRANSPORT;Transport fret;LE VESINET;78110;78;10-19 sal.;;;;;vide;;
TRANSPORTS DAVRANCHE;Transport fret;SAINT-LEGER-EN-YVELINES;78610;78;10-19 sal.;;;;;vide;;
TRANSPORTS LISOTTI;Transport fret;BENNECOURT;78270;78;10-19 sal.;;;;;vide;;
MESQUITRANS;Transport fret;SARTROUVILLE;78500;78;10-19 sal.;;;;;vide;;
SARL ST CO;Transport fret;SARTROUVILLE;78500;78;10-19 sal.;;;;;vide;;
BM TRANSPORT;Transport fret;VERNEUIL-SUR-SEINE;78480;78;10-19 sal.;;;;;;;
SARL C.K. TRANSPORT;Transport fret;SARTROUVILLE;78500;78;20-49 sal.;;;;;vide;;
THS;Transport fret;CHAVENAY;78450;78;20-49 sal.;;;;;vide;;
BHS TRANSPORTS;Transport fret;VELIZY-VILLACOUBLAY;78140;78;20-49 sal.;;;;;vide;;
EUROS TRANS COLIS;Transport proximité;GARGENVILLE;78440;78;10-19 sal.;;;;;vide;;
TRANSPORTS MICHEL RAMBOUILLET;Transport proximité;RAMBOUILLET;78120;78;10-19 sal.;;;;;vide;;
BNT;Transport proximité;TRAPPES;78190;78;10-19 sal.;;;;;vide;;
CESAR TRANSPORTS;Transport proximité;CARRIERES-SUR-SEINE;78420;78;10-19 sal.;;;;;vide;;
TRAMATER TRANSPORT;Transport proximité;CONFLANS-SAINTE-HONORINE;78700;78;10-19 sal.;;;;;vide;;
MJ TRANSPORT;Transport proximité;LONGNES;78980;78;10-19 sal.;;;;;vide;;
H&F;Transport proximité;MAGNANVILLE;78200;78;10-19 sal.;;;;;vide;;
TRANSPORTS PEREIRA;Transport proximité;LIMAY;78520;78;20-49 sal.;;;;;vide;;
AAA SERVICES;Transport proximité;TRAPPES;78190;78;20-49 sal.;;;;;vide;;
KFS LOGISTICS;Transport proximité;POISSY;78300;78;20-49 sal.;;;;;vide;;
RST BTP;Finition BTP;ACHERES;78260;78;20-49 sal.;;;;;vide;;
FEA TECHNOLOGIE;Électricité;MEUDON;92190;92;10-19 sal.;;;;;vide;;
RDI;Électricité;CLAMART;92140;92;10-19 sal.;;;;;vide;;
SOC INSTALLATION ELECT MECAN;Électricité;SURESNES;92150;92;10-19 sal.;;;;;vide;;
AUTOMATISMES SECURITAIRES FERROVIAIRES;Électricité;ANTONY;92160;92;20-49 sal.;;;;;vide;;
MCE RENOVATION;Plomberie;BOULOGNE-BILLANCOURT;92100;92;10-19 sal.;;;;;vide;;
FRITSCH;Plomberie;LEVALLOIS-PERRET;92300;92;10-19 sal.;;;;;vide;;
P.V.P;Plomberie;GENNEVILLIERS;92230;92;20-49 sal.;;;;;vide;;
ADN CONCEPT;CVC/Thermique;PUTEAUX;92800;92;10-19 sal.;;;;;vide;;
NELIOS;CVC/Thermique;BAGNEUX;92220;92;20-49 sal.;;;;;vide;;
EDILMECCANICA;Menuiserie métallique;COURBEVOIE;92400;92;10-19 sal.;;;;;vide;;
TRAITEMENT INDUSTRIEL DES METAUX;Menuiserie métallique;GENNEVILLIERS;92230;92;20-49 sal.;;;;;vide;;
ENTREPRISE ESTRADE;Menuiserie métallique;VILLENEUVE-LA-GARENNE;92390;92;20-49 sal.;;;;;vide;;
ATALLA;Peinture;MALAKOFF;92240;92;10-19 sal.;;;;;vide;;
3M RAVALEMENT;Peinture;COLOMBES;92700;92;10-19 sal.;;;;;vide;;
SINA DECORE;Peinture;GENNEVILLIERS;92230;92;10-19 sal.;;;;;vide;;
MJ MORGADO;Peinture;COLOMBES;92700;92;10-19 sal.;;;;;vide;;
STDM TP;Transport fret;GENNEVILLIERS;92230;92;10-19 sal.;;;;;vide;;
TRANSPORTS KIEFFER SA;Transport fret;GENNEVILLIERS;92230;92;20-49 sal.;;;;;vide;;
NITRO;Transport fret;BOULOGNE-BILLANCOURT;92100;92;20-49 sal.;;;;;vide;;
TRANS SERVICES PLUS;Transport fret;ASNIERES-SUR-SEINE;92600;92;20-49 sal.;;;;;vide;;
MB TRANS;Transport fret;GENNEVILLIERS;92230;92;20-49 sal.;;;;;vide;;
HOLLDING TRANS;Transport fret;GENNEVILLIERS;92230;92;20-49 sal.;;;;;vide;;
DOUBS PRO;Transport fret;NEUILLY-SUR-SEINE;92200;92;20-49 sal.;;;;;vide;;
TRANSPORTS MANI;Transport proximité;ASNIERES-SUR-SEINE;92600;92;10-19 sal.;;;;;vide;;
HFM TRANSPORTS;Transport proximité;ASNIERES-SUR-SEINE;92600;92;10-19 sal.;;;;;vide;;
SDCP TRANS;Transport proximité;SEVRES;92310;92;10-19 sal.;;;;;vide;;
TRANSPORTS CAMPMAS;Transport proximité;GENNEVILLIERS;92230;92;10-19 sal.;;;;;vide;;
PRO GREEN COLIS & CIE;Transport proximité;LEVALLOIS-PERRET;92300;92;20-49 sal.;;;;;vide;;
SARL TRANSPORTS LENA;Transport proximité;GENNEVILLIERS;92230;92;20-49 sal.;;;;;vide;;
BC VERTE TRANSPORTS;Transport proximité;ASNIERES-SUR-SEINE;92600;92;20-49 sal.;;;;;vide;;
R & M LOGISTIC;Transport proximité;NEUILLY-SUR-SEINE;92200;92;20-49 sal.;;;;;vide;;
BCH TRANSPORTS;Transport proximité;LEVALLOIS-PERRET;92300;92;20-49 sal.;;;;;vide;;
PREDIO BAT;Finition BTP;CHOISY-LE-ROI;94600;92;10-19 sal.;;;;;vide;;
SPAGNOLI;Électricité;LE PLESSIS-TREVISE;94420;94;10-19 sal.;;;;;vide;;
TERRANOVA ENERGIE;Électricité;VILLENEUVE-LE-ROI;94290;94;20-49 sal.;;;;;vide;;
T C M;Plomberie;VILLENEUVE-SAINT-GEORGES;94190;94;10-19 sal.;;;;;vide;;
SARL EDM;Plomberie;CHENNEVIERES-SUR-MARNE;94430;94;10-19 sal.;;;;;vide;;
O.C.I BATIMENT;Plomberie;ORLY;94310;94;10-19 sal.;;;;;vide;;
AIR TOLERIE CONCEPTION;Plomberie;LE PLESSIS-TREVISE;94420;94;10-19 sal.;;;;;vide;;
BONNET-ROGEREAU;Plomberie;FONTENAY-SOUS-BOIS;94120;94;20-49 sal.;;;;;vide;;
SOLUTION TECHNIQUE EN GENIE CLIMATIQUE;CVC/Thermique;JOINVILLE-LE-PONT;94340;94;10-19 sal.;;;;;vide;;
TUYAUTERIE SOUDURE CHAUFFAGE;CVC/Thermique;VILLECRESNES;94440;94;10-19 sal.;;;;;vide;;
COGECLIM INDUSTRIE;CVC/Thermique;ALFORTVILLE;94140;94;10-19 sal.;;;;;vide;;
CONCEPT ENERGY;CVC/Thermique;CRETEIL;94000;94;20-49 sal.;;;;;vide;;
ENTREPRISE CERETTI;CVC/Thermique;SUCY-EN-BRIE;94370;94;20-49 sal.;;;;;vide;;
ISOLATIONS CONSEILS;Menuiserie bois;SAINT-MAUR-DES-FOSSES;94100;94;10-19 sal.;;;;;vide;;
SOCIETE D'EXPLOITATION GERARD CAPALDI;Menuiserie métallique;RUNGIS;94150;94;20-49 sal.;;;;;vide;;
ORBIS;Peinture;CHARENTON LE PONT;94220;94;10-19 sal.;;;;;vide;;
HASS PEINTURE;Peinture;LE PLESSIS-TREVISE;94420;94;10-19 sal.;;;;;vide;;
SOC MONTREUILLOISE DE PEINTURE;Peinture;CHAMPIGNY-SUR-MARNE;94500;94;20-49 sal.;;;;;vide;;
ABC TRANSPORT;Transport fret;BONNEUIL-SUR-MARNE;94380;94;10-19 sal.;;;;;vide;;
TRANSPORTS FRIGORIFIQUES ISOTHERMES;Transport fret;CHEVILLY-LARUE;94550;94;10-19 sal.;;;;;vide;;
INATRANS;Transport fret;FONTENAY-SOUS-BOIS;94120;94;10-19 sal.;;;;;vide;;
ABTRANSPORT;Transport fret;VITRY-SUR-SEINE;94400;94;10-19 sal.;;;;;vide;;
MILLE & NIUM EXPRESS;Transport fret;THIAIS;94320;94;10-19 sal.;;;;;vide;;
I.T.D INTERNATIONAL TRANSPORT DOS SANTOS;Transport fret;CHEVILLY-LARUE;94550;94;20-49 sal.;;;;;vide;;
TRANSPORTS SUBTIL;Transport fret;LIMEIL-BREVANNES;94450;94;20-49 sal.;;;;;vide;;
CGA TRANSPORT;Transport fret;VILLECRESNES;94440;94;20-49 sal.;;;;;vide;;
VEIGA TRANSPORTS;Transport fret;VITRY-SUR-SEINE;94400;94;20-49 sal.;;;;;vide;;
TRANSPORTS STURA;Transport fret;MAISONS-ALFORT;94700;94;20-49 sal.;;;;;vide;;
RTT TRANSPORTS;Transport proximité;VINCENNES;94300;94;10-19 sal.;;;;;vide;;
NAJYS;Transport proximité;IVRY-SUR-SEINE;94200;94;10-19 sal.;;;;;vide;;
